line profiling: sample.interval=10000
#File 1: /Users/gianlucamastrantonio/.vscode/extensions/reditorsupport.r-2.8.8/R/session/vsc.R
"setTimeLimit" 1#320 "try_catch_timeout" 1#320 "FUN" "lapply" 1#278 "inspect_env" 1#368 "doTryCatch" "tryCatchOne" "tryCatchList" "tryCatch" 1#367 "cb" 
"prettyNum" "format.default" "format" "format.fun" "paste" "nchar.w" "maybe_truncate" "formObj" "cat" "str.default" "str" "<Anonymous>" "do.call" "strSub" "str.default" "str" "<Anonymous>" "do.call" "strSub" "str.default" "utils::str" "...elt" "withVisible" "utils::capture.output" "paste0" 1#226 "capture_str" "eval" "eval" "doTryCatch" "tryCatchOne" "tryCatchList" "tryCatch" 1#222 "try_catch_timeout" 1#320 "FUN" "lapply" 1#278 "inspect_env" 1#368 "doTryCatch" "tryCatchOne" "tryCatchList" "tryCatch" 1#367 "cb" 
"FUN" "lapply" "strSub" "str.default" "str" "<Anonymous>" "do.call" "strSub" "str.default" "utils::str" "...elt" "withVisible" "utils::capture.output" "paste0" 1#226 "capture_str" "eval" "eval" "doTryCatch" "tryCatchOne" "tryCatchList" "tryCatch" 1#222 "try_catch_timeout" 1#320 "FUN" "lapply" 1#278 "inspect_env" 1#368 "doTryCatch" "tryCatchOne" "tryCatchList" "tryCatch" 1#367 "cb" 
"setTimeLimit" 1#220 "try_catch_timeout" 1#320 "FUN" "lapply" 1#278 "inspect_env" 1#368 "doTryCatch" "tryCatchOne" "tryCatchList" "tryCatch" 1#367 "cb" 
".local" "FUN" "FUN" "vapply" ".local" "FUN" "FUN" "vapply" ".local" "FUN" "FUN" "vapply" ".local" "asJSON" "asJSON" "jsonlite::toJSON" "jsonlite::write_json" 1#373 "doTryCatch" "tryCatchOne" "tryCatchList" "tryCatch" 1#367 "cb" 
"lapply" "FUN" "lapply" "findLocalsList1" "findLocalsList" "funEnv" "make.functionContext" "cmpfun" "doTryCatch" "tryCatchOne" "tryCatchList" "tryCatch" "compiler:::tryCmpfun" "mcmc_tpn" 
"%in%" "findCenvVar" "getInlineInfo" "tryInline" "cmpCall" "cmp" "cmpSymbolAssign" "h" "tryInline" "cmpCall" "cmp" "h" "tryInline" "cmpCall" "cmp" "genCode" "cmpfun" "doTryCatch" "tryCatchOne" "tryCatchList" "tryCatch" "compiler:::tryCmpfun" "mcmc_tpn" 
"%in%" "findCenvVar" "findFunDef" "cmpCall" "cmp" "h" "tryInline" "cmpCall" "cmp" "cmpBuiltinArgs" "h" "tryInline" "cmpCall" "cmp" "cmpPrim2" "h" "tryInline" "cmpCall" "cmp" "cmpSymbolAssign" "h" "tryInline" "cmpCall" "cmp" "h" "tryInline" "cmpCall" "cmp" "genCode" "cmpfun" "doTryCatch" "tryCatchOne" "tryCatchList" "tryCatch" "compiler:::tryCmpfun" "mcmc_tpn" 
"findCenvVar" "findVar" "cmpSym" "cmp" "genCode" "cb$putconst" "cmpCallArgs" "cmpCallSymFun" "cmpCall" "cmp" "cmpSymbolAssign" "h" "tryInline" "cmpCall" "cmp" "h" "tryInline" "cmpCall" "cmp" "genCode" "cmpfun" "doTryCatch" "tryCatchOne" "tryCatchList" "tryCatch" "compiler:::tryCmpfun" "mcmc_tpn" 
"%in%" "findCenvVar" "getInlineInfo" "tryInline" "cmpCall" "cmp" "cmpSymbolAssign" "h" "tryInline" "cmpCall" "cmp" "h" "tryInline" "cmpCall" "cmp" "cmpForBody" "h" "tryInline" "cmpCall" "cmp" "h" "tryInline" "cmpCall" "cmp" "cmpForBody" "h" "tryInline" "cmpCall" "cmp" "h" "tryInline" "cmpCall" "cmp" "h" "tryInline" "cmpCall" "cmp" "h" "tryInline" "cmpCall" "cmp" "cmpForBody" "h" "tryInline" "cmpCall" "cmp" "h" "tryInline" "cmpCall" "cmp" "cmpForBody" "h" "tryInline" "cmpCall" "cmp" "h" "tryInline" "cmpCall" "cmp" "genCode" "cmpfun" "doTryCatch" "tryCatchOne" "tryCatchList" "tryCatch" "compiler:::tryCmpfun" "mcmc_tpn" 
"make.nonTailCallContext" "cmpPrim1" "h" "tryInline" "cmpCall" "cmp" "cmpBuiltinArgs" "cmpDispatch" "h" "tryInline" "cmpCall" "cmp" "cmpBuiltinArgs" "h" "tryInline" "cmpCall" "cmp" "h" "tryInline" "cmpCall" "cmp" "cmpPrim2" "h" "tryInline" "cmpCall" "cmp" "cmpSymbolAssign" "h" "tryInline" "cmpCall" "cmp" "h" "tryInline" "cmpCall" "cmp" "cmpForBody" "h" "tryInline" "cmpCall" "cmp" "h" "tryInline" "cmpCall" "cmp" "cmpForBody" "h" "tryInline" "cmpCall" "cmp" "h" "tryInline" "cmpCall" "cmp" "cmpForBody" "h" "tryInline" "cmpCall" "cmp" "h" "tryInline" "cmpCall" "cmp" "genCode" "cmpfun" "doTryCatch" "tryCatchOne" "tryCatchList" "tryCatch" "compiler:::tryCmpfun" "mcmc_tpn" 
"dots.or.missing" "h" "tryInline" "cmpCall" "cmp" "cmpPrim2" "h" "tryInline" "cmpCall" "cmp" "cmpComplexAssign" "h" "tryInline" "cmpCall" "cmp" "h" "tryInline" "cmpCall" "cmp" "h" "tryInline" "cmpCall" "cmp" "h" "tryInline" "cmpCall" "cmp" "cmpForBody" "h" "tryInline" "cmpCall" "cmp" "h" "tryInline" "cmpCall" "cmp" "cmpForBody" "h" "tryInline" "cmpCall" "cmp" "h" "tryInline" "cmpCall" "cmp" "cmpForBody" "h" "tryInline" "cmpCall" "cmp" "h" "tryInline" "cmpCall" "cmp" "genCode" "cmpfun" "doTryCatch" "tryCatchOne" "tryCatchList" "tryCatch" "compiler:::tryCmpfun" "mcmc_tpn" 
"cb$restorecurloc" "cmpCall" "cmp" "h" "tryInline" "cmpCall" "cmp" "cmpForBody" "h" "tryInline" "cmpCall" "cmp" "h" "tryInline" "cmpCall" "cmp" "cmpForBody" "h" "tryInline" "cmpCall" "cmp" "h" "tryInline" "cmpCall" "cmp" "genCode" "cmpfun" "doTryCatch" "tryCatchOne" "tryCatchList" "tryCatch" "compiler:::tryCmpfun" "mcmc_tpn" 
"cb$putcode" "cmpBuiltinArgs" "h" "tryInline" "cmpCall" "cmp" "cmpPrim2" "h" "tryInline" "cmpCall" "cmp" "cmpSymbolAssign" "h" "tryInline" "cmpCall" "cmp" "h" "tryInline" "cmpCall" "cmp" "cmpForBody" "h" "tryInline" "cmpCall" "cmp" "h" "tryInline" "cmpCall" "cmp" "cmpForBody" "h" "tryInline" "cmpCall" "cmp" "h" "tryInline" "cmpCall" "cmp" "genCode" "cmpfun" "doTryCatch" "tryCatchOne" "tryCatchList" "tryCatch" "compiler:::tryCmpfun" "mcmc_tpn" 
"getInlineHandler" "tryInline" "cmpCall" "cmp" "h" "tryInline" "cmpCall" "cmp" "h" "tryInline" "cmpCall" "cmp" "cmpForBody" "h" "tryInline" "cmpCall" "cmp" "h" "tryInline" "cmpCall" "cmp" "cmpForBody" "h" "tryInline" "cmpCall" "cmp" "h" "tryInline" "cmpCall" "cmp" "genCode" "cmpfun" "doTryCatch" "tryCatchOne" "tryCatchList" "tryCatch" "compiler:::tryCmpfun" "mcmc_tpn" 
"cb$putconst" "cmpPrim2" "h" "tryInline" "cmpCall" "cmp" "cmpSymbolAssign" "h" "tryInline" "cmpCall" "cmp" "h" "tryInline" "cmpCall" "cmp" "cmpForBody" "h" "tryInline" "cmpCall" "cmp" "h" "tryInline" "cmpCall" "cmp" "cmpForBody" "h" "tryInline" "cmpCall" "cmp" "h" "tryInline" "cmpCall" "cmp" "cmpForBody" "h" "tryInline" "cmpCall" "cmp" "h" "tryInline" "cmpCall" "cmp" "genCode" "cmpfun" "doTryCatch" "tryCatchOne" "tryCatchList" "tryCatch" "compiler:::tryCmpfun" "mcmc_tpn" 
"grep" "is.ddsym" "cmpSym" "cmp" "cmpPrim2" "h" "tryInline" "cmpCall" "cmp" "h" "tryInline" "cmpCall" "cmp" "cmpPrim2" "h" "tryInline" "cmpCall" "cmp" "cmpSymbolAssign" "h" "tryInline" "cmpCall" "cmp" "h" "tryInline" "cmpCall" "cmp" "cmpForBody" "h" "tryInline" "cmpCall" "cmp" "h" "tryInline" "cmpCall" "cmp" "cmpForBody" "h" "tryInline" "cmpCall" "cmp" "h" "tryInline" "cmpCall" "cmp" "genCode" "cmpfun" "doTryCatch" "tryCatchOne" "tryCatchList" "tryCatch" "compiler:::tryCmpfun" "mcmc_tpn" 
"%in%" "findCenvVar" "getInlineInfo" "isBaseVar" "getFoldFun" "constantFoldCall" "constantFold" "constantFoldCall" "constantFold" "cmp" "cmpPrim2" "h" "tryInline" "cmpCall" "cmp" "cmpPrim2" "h" "tryInline" "cmpCall" "cmp" "h" "tryInline" "cmpCall" "cmp" "cmpPrim2" "h" "tryInline" "cmpCall" "cmp" "cmpSymbolAssign" "h" "tryInline" "cmpCall" "cmp" "h" "tryInline" "cmpCall" "cmp" "h" "tryInline" "cmpCall" "cmp" "h" "tryInline" "cmpCall" "cmp" "cmpForBody" "h" "tryInline" "cmpCall" "cmp" "h" "tryInline" "cmpCall" "cmp" "cmpForBody" "h" "tryInline" "cmpCall" "cmp" "h" "tryInline" "cmpCall" "cmp" "genCode" "cmpfun" "doTryCatch" "tryCatchOne" "tryCatchList" "tryCatch" "compiler:::tryCmpfun" "mcmc_tpn" 
"cb$putconst" "cmpCallArgs" "cmpCallSymFun" "cmpCall" "cmp" "h" "tryInline" "cmpCall" "cmp" "cmpPrim2" "h" "tryInline" "cmpCall" "cmp" "cmpSymbolAssign" "h" "tryInline" "cmpCall" "cmp" "h" "tryInline" "cmpCall" "cmp" "h" "tryInline" "cmpCall" "cmp" "h" "tryInline" "cmpCall" "cmp" "cmpForBody" "h" "tryInline" "cmpCall" "cmp" "h" "tryInline" "cmpCall" "cmp" "cmpForBody" "h" "tryInline" "cmpCall" "cmp" "h" "tryInline" "cmpCall" "cmp" "genCode" "cmpfun" "doTryCatch" "tryCatchOne" "tryCatchList" "tryCatch" "compiler:::tryCmpfun" "mcmc_tpn" 
"findCenvVar" "getInlineInfo" "isBaseVar" "getFoldFun" "constantFoldCall" "constantFold" "cmp" "h" "tryInline" "cmpCall" "cmp" "cmpPrim2" "h" "tryInline" "cmpCall" "cmp" "cmpPrim2" "h" "tryInline" "cmpCall" "cmp" "cmpPrim2" "h" "tryInline" "cmpCall" "cmp" "cmpPrim1" "h" "tryInline" "cmpCall" "cmp" "cmpSymbolAssign" "h" "tryInline" "cmpCall" "cmp" "h" "tryInline" "cmpCall" "cmp" "h" "tryInline" "cmpCall" "cmp" "h" "tryInline" "cmpCall" "cmp" "h" "tryInline" "cmpCall" "cmp" "h" "tryInline" "cmpCall" "cmp" "cmpForBody" "h" "tryInline" "cmpCall" "cmp" "h" "tryInline" "cmpCall" "cmp" "cmpForBody" "h" "tryInline" "cmpCall" "cmp" "h" "tryInline" "cmpCall" "cmp" "genCode" "cmpfun" "doTryCatch" "tryCatchOne" "tryCatchList" "tryCatch" "compiler:::tryCmpfun" "mcmc_tpn" 
"cmpBuiltinArgs" "cmpDispatch" "h" "tryInline" "cmpCall" "cmp" "cmpIndices" "cmpSubsetDispatch" "h" "tryInline" "cmpCall" "cmp" "genCode" "cb$putconst" "cmpCallArgs" "cmpCallSymFun" "cmpCall" "cmp" "cmpSymbolAssign" "h" "tryInline" "cmpCall" "cmp" "h" "tryInline" "cmpCall" "cmp" "cmpForBody" "h" "tryInline" "cmpCall" "cmp" "h" "tryInline" "cmpCall" "cmp" "cmpForBody" "h" "tryInline" "cmpCall" "cmp" "h" "tryInline" "cmpCall" "cmp" "genCode" "cmpfun" "doTryCatch" "tryCatchOne" "tryCatchList" "tryCatch" "compiler:::tryCmpfun" "mcmc_tpn" 
"grep" "is.ddsym" "cmpSym" "cmp" "cmpPrim2" "h" "tryInline" "cmpCall" "cmp" "cmpPrim2" "h" "tryInline" "cmpCall" "cmp" "cmpSymbolAssign" "h" "tryInline" "cmpCall" "cmp" "h" "tryInline" "cmpCall" "cmp" "genCode" "cmpfun" "doTryCatch" "tryCatchOne" "tryCatchList" "tryCatch" "compiler:::tryCmpfun" "mcmc_tpn" 
#File 2: functions/mcmc_tpn.R
2#260 "mcmc_tpn" 
2#260 "mcmc_tpn" 
2#310 "as.vector" 2#310 "mcmc_tpn" 
2#345 "t" 2#345 "mcmc_tpn" 
2#480 "as.vector" 2#480 "mcmc_tpn" 
2#476 "as.vector" 2#476 "mcmc_tpn" 
"as.vector" "all.equal.numeric" "all.equal" "isSymmetric.matrix" "isSymmetric" "dWishart" 2#598 "mcmc_tpn" 
2#259 "mcmc_tpn" 
2#260 "mcmc_tpn" 
2#310 "as.vector" 2#310 "mcmc_tpn" 
2#378 "mcmc_tpn" 
2#476 "as.vector" 2#476 "mcmc_tpn" 
"print.default" "print" 2#545 "mcmc_tpn" 
2#259 "mcmc_tpn" 
"dnorm" 2#267 "mcmc_tpn" 
"dnorm" 2#267 "mcmc_tpn" 
2#259 "mcmc_tpn" 
2#310 "as.vector" 2#310 "mcmc_tpn" 
2#378 "mcmc_tpn" 
2#476 "as.vector" 2#476 "mcmc_tpn" 
#File 3: 
"chol.default" "chol" 3#5 "doTryCatch" "tryCatchOne" "tryCatchList" "tryCatch" 3#2 "test_sigma_mcmc" 2#546 "mcmc_tpn" 
2#260 "mcmc_tpn" 
2#259 "mcmc_tpn" 
2#310 "as.vector" 2#310 "mcmc_tpn" 
2#345 "t" 2#345 "mcmc_tpn" 
2#476 "as.vector" 2#476 "mcmc_tpn" 
2#480 "as.vector" 2#480 "mcmc_tpn" 
"%*%" "diag" "dInvWishart" 2#593 "mcmc_tpn" 
2#280 "mcmc_tpn" 
2#260 "mcmc_tpn" 
2#320 "mcmc_tpn" 
"t.default" "t" 2#345 "mcmc_tpn" 
"as.vector" 2#480 "mcmc_tpn" 
2#476 "as.vector" 2#476 "mcmc_tpn" 
2#599 "dWishart" 2#599 "mcmc_tpn" 
2#260 "mcmc_tpn" 
2#262 "dnorm" 2#262 "mcmc_tpn" 
"t.default" "t" 2#345 "mcmc_tpn" 
2#480 "as.vector" 2#480 "mcmc_tpn" 
2#476 "as.vector" 2#476 "mcmc_tpn" 
"crossprod" 2#579 "mcmc_tpn" 
2#279 "mcmc_tpn" 
2#260 "mcmc_tpn" 
2#310 "as.vector" 2#310 "mcmc_tpn" 
2#345 "t" 2#345 "mcmc_tpn" 
2#480 "as.vector" 2#480 "mcmc_tpn" 
2#476 "as.vector" 2#476 "mcmc_tpn" 
"crossprod" 2#579 "mcmc_tpn" 
"Cj" "mode" "attr.all.equal" "all.equal.numeric" "all.equal" "isSymmetric.matrix" "isSymmetric" "dWishart" 2#599 "mcmc_tpn" 
2#259 "mcmc_tpn" 
2#259 "mcmc_tpn" 
2#310 "as.vector" 2#310 "mcmc_tpn" 
"%*%" 2#345 "mcmc_tpn" 
2#480 "as.vector" 2#480 "mcmc_tpn" 
2#484 "mcmc_tpn" 
"print.default" "print" 2#544 "mcmc_tpn" 
"%*%" "diag" "dWishart" 2#598 "mcmc_tpn" 
2#259 "mcmc_tpn" 
2#259 "mcmc_tpn" 
2#314 "mcmc_tpn" 
2#346 "t" 2#346 "mcmc_tpn" 
2#485 "mcmc_tpn" 
2#480 "as.vector" 2#480 "mcmc_tpn" 
2#480 "as.vector" 2#480 "mcmc_tpn" 
2#480 "as.vector" 2#480 "mcmc_tpn" 
2#480 "as.vector" 2#480 "mcmc_tpn" 
2#480 "mcmc_tpn" 
"crossprod" 2#580 "mcmc_tpn" 
2#252 "mcmc_tpn" 
2#260 "mcmc_tpn" 
2#310 "as.vector" 2#310 "mcmc_tpn" 
"t.default" "t" 2#346 "mcmc_tpn" 
2#476 "as.vector" 2#476 "mcmc_tpn" 
2#476 "as.vector" 2#476 "mcmc_tpn" 
2#599 "dWishart" 2#599 "mcmc_tpn" 
"determinant.matrix" "determinant" "det" "dmvnorm" 2#671 "mcmc_tpn" 
2#671 "Rfast::mahala" "dmvnorm" 2#671 "mcmc_tpn" 
"Rfast::mahala" "dmvnorm" 2#671 "mcmc_tpn" 
2#671 "Rfast::mahala" "dmvnorm" 2#671 "mcmc_tpn" 
"Rfast::mahala" "dmvnorm" 2#670 "mcmc_tpn" 
"Rfast::mahala" "dmvnorm" 2#670 "mcmc_tpn" 
2#670 "Rfast::mahala" "dmvnorm" 2#670 "mcmc_tpn" 
2#670 "Rfast::mahala" "dmvnorm" 2#670 "mcmc_tpn" 
"Rfast::mahala" "dmvnorm" 2#670 "mcmc_tpn" 
"Rfast::mahala" "dmvnorm" 2#670 "mcmc_tpn" 
"Rfast::mahala" "dmvnorm" 2#670 "mcmc_tpn" 
"Rfast::mahala" "dmvnorm" 2#671 "mcmc_tpn" 
"Rfast::mahala" "dmvnorm" 2#671 "mcmc_tpn" 
"Rfast::mahala" "dmvnorm" 2#671 "mcmc_tpn" 
"Rfast::mahala" "dmvnorm" 2#671 "mcmc_tpn" 
2#671 "Rfast::mahala" "dmvnorm" 2#671 "mcmc_tpn" 
2#671 "Rfast::mahala" "dmvnorm" 2#671 "mcmc_tpn" 
"matrix" "Rfast::mahala" "dmvnorm" 2#671 "mcmc_tpn" 
"Rfast::mahala" "dmvnorm" 2#671 "mcmc_tpn" 
2#671 "Rfast::mahala" "dmvnorm" 2#671 "mcmc_tpn" 
2#260 "mcmc_tpn" 
2#260 "mcmc_tpn" 
2#310 "as.vector" 2#310 "mcmc_tpn" 
"t.default" "t" 2#345 "mcmc_tpn" 
2#485 "mcmc_tpn" 
2#480 "as.vector" 2#480 "mcmc_tpn" 
"as.vector" "all.equal.numeric" "all.equal" "isSymmetric.matrix" "isSymmetric" "dInvWishart" 2#594 "mcmc_tpn" 
"Rfast::mahala" "dmvnorm" 2#670 "mcmc_tpn" 
2#670 "Rfast::mahala" "dmvnorm" 2#670 "mcmc_tpn" 
2#670 "Rfast::mahala" "dmvnorm" 2#670 "mcmc_tpn" 
2#671 "Rfast::mahala" "dmvnorm" 2#671 "mcmc_tpn" 
2#671 "Rfast::mahala" "dmvnorm" 2#671 "mcmc_tpn" 
"Rfast::mahala" "dmvnorm" 2#670 "mcmc_tpn" 
"Rfast::mahala" "dmvnorm" 2#670 "mcmc_tpn" 
2#670 "Rfast::mahala" "dmvnorm" 2#670 "mcmc_tpn" 
"Rfast::mahala" "dmvnorm" 2#670 "mcmc_tpn" 
2#670 "Rfast::mahala" "dmvnorm" 2#670 "mcmc_tpn" 
2#670 "Rfast::mahala" "dmvnorm" 2#670 "mcmc_tpn" 
2#671 "Rfast::mahala" "dmvnorm" 2#671 "mcmc_tpn" 
"Rfast::mahala" "dmvnorm" 2#670 "mcmc_tpn" 
2#670 "Rfast::mahala" "dmvnorm" 2#670 "mcmc_tpn" 
"Rfast::mahala" "dmvnorm" 2#670 "mcmc_tpn" 
2#670 "Rfast::mahala" "dmvnorm" 2#670 "mcmc_tpn" 
"Rfast::mahala" "dmvnorm" 2#671 "mcmc_tpn" 
2#670 "Rfast::mahala" "dmvnorm" 2#670 "mcmc_tpn" 
2#670 "Rfast::mahala" "dmvnorm" 2#670 "mcmc_tpn" 
2#670 "Rfast::mahala" "dmvnorm" 2#670 "mcmc_tpn" 
2#260 "mcmc_tpn" 
2#260 "mcmc_tpn" 
2#310 "as.vector" 2#310 "mcmc_tpn" 
"%*%" 2#345 "mcmc_tpn" 
2#496 "pmax" 2#496 "mcmc_tpn" 
2#474 "mcmc_tpn" 
"all.equal.numeric" "all.equal" "isSymmetric.matrix" "isSymmetric" "dWishart" 2#599 "mcmc_tpn" 
"Rfast::mahala" "dmvnorm" 2#670 "mcmc_tpn" 
2#671 "Rfast::mahala" "dmvnorm" 2#671 "mcmc_tpn" 
2#670 "Rfast::mahala" "dmvnorm" 2#670 "mcmc_tpn" 
2#670 "Rfast::mahala" "dmvnorm" 2#670 "mcmc_tpn" 
2#670 "Rfast::mahala" "dmvnorm" 2#670 "mcmc_tpn" 
"Rfast::mahala" "dmvnorm" 2#671 "mcmc_tpn" 
"Rfast::mahala" "dmvnorm" 2#670 "mcmc_tpn" 
2#670 "Rfast::mahala" "dmvnorm" 2#670 "mcmc_tpn" 
"Rfast::mahala" "dmvnorm" 2#670 "mcmc_tpn" 
"Rfast::mahala" "dmvnorm" 2#670 "mcmc_tpn" 
2#670 "Rfast::mahala" "dmvnorm" 2#670 "mcmc_tpn" 
"Rfast::mahala" "dmvnorm" 2#670 "mcmc_tpn" 
"Rfast::mahala" "dmvnorm" 2#670 "mcmc_tpn" 
2#670 "Rfast::mahala" "dmvnorm" 2#670 "mcmc_tpn" 
2#670 "Rfast::mahala" "dmvnorm" 2#670 "mcmc_tpn" 
2#670 "Rfast::mahala" "dmvnorm" 2#670 "mcmc_tpn" 
2#670 "Rfast::mahala" "dmvnorm" 2#670 "mcmc_tpn" 
"Rfast::mahala" "dmvnorm" 2#671 "mcmc_tpn" 
"Rfast::mahala" "dmvnorm" 2#670 "mcmc_tpn" 
"Rfast::mahala" "dmvnorm" 2#671 "mcmc_tpn" 
2#259 "mcmc_tpn" 
2#260 "mcmc_tpn" 
2#310 "as.vector" 2#310 "mcmc_tpn" 
2#368 "mcmc_tpn" 
2#484 "mcmc_tpn" 
2#476 "as.vector" 2#476 "mcmc_tpn" 
"t.default" "t" 2#553 "mcmc_tpn" 
"t.default" "t" 2#553 "mcmc_tpn" 
"t.default" "t" 2#553 "mcmc_tpn" 
"t.default" "t" 2#553 "mcmc_tpn" 
"c" 2#656 "mcmc_tpn" 
"Rfast::mahala" "dmvnorm" 2#670 "mcmc_tpn" 
"Rfast::mahala" "dmvnorm" 2#670 "mcmc_tpn" 
"determinant.matrix" "determinant" "det" "dmvnorm" 2#670 "mcmc_tpn" 
"Rfast::mahala" "dmvnorm" 2#671 "mcmc_tpn" 
"determinant.matrix" "determinant" "det" "dmvnorm" 2#670 "mcmc_tpn" 
2#670 "Rfast::mahala" "dmvnorm" 2#670 "mcmc_tpn" 
2#670 "Rfast::mahala" "dmvnorm" 2#670 "mcmc_tpn" 
"Rfast::mahala" "dmvnorm" 2#671 "mcmc_tpn" 
2#670 "Rfast::mahala" "dmvnorm" 2#670 "mcmc_tpn" 
"Rfast::mahala" "dmvnorm" 2#670 "mcmc_tpn" 
2#671 "Rfast::mahala" "dmvnorm" 2#671 "mcmc_tpn" 
2#670 "Rfast::mahala" "dmvnorm" 2#670 "mcmc_tpn" 
"Rfast::mahala" "dmvnorm" 2#671 "mcmc_tpn" 
"Rfast::mahala" "dmvnorm" 2#670 "mcmc_tpn" 
"matrix" "Rfast::mahala" "dmvnorm" 2#671 "mcmc_tpn" 
"Rfast::mahala" "dmvnorm" 2#670 "mcmc_tpn" 
"Rfast::mahala" "dmvnorm" 2#670 "mcmc_tpn" 
"Rfast::mahala" "dmvnorm" 2#670 "mcmc_tpn" 
2#670 "Rfast::mahala" "dmvnorm" 2#670 "mcmc_tpn" 
2#260 "mcmc_tpn" 
2#259 "mcmc_tpn" 
2#346 "t" 2#346 "mcmc_tpn" 
2#480 "as.vector" 2#480 "mcmc_tpn" 
2#480 "as.vector" 2#480 "mcmc_tpn" 
"crossprod" 2#580 "mcmc_tpn" 
"Rfast::mahala" "dmvnorm" 2#670 "mcmc_tpn" 
"matrix" "Rfast::mahala" "dmvnorm" 2#670 "mcmc_tpn" 
2#670 "Rfast::mahala" "dmvnorm" 2#670 "mcmc_tpn" 
"Rfast::mahala" "dmvnorm" 2#671 "mcmc_tpn" 
"Rfast::mahala" "dmvnorm" 2#670 "mcmc_tpn" 
2#671 "Rfast::mahala" "dmvnorm" 2#671 "mcmc_tpn" 
"Rfast::mahala" "dmvnorm" 2#670 "mcmc_tpn" 
"Rfast::mahala" "dmvnorm" 2#670 "mcmc_tpn" 
"Rfast::mahala" "dmvnorm" 2#670 "mcmc_tpn" 
"Rfast::mahala" "dmvnorm" 2#670 "mcmc_tpn" 
"Rfast::mahala" "dmvnorm" 2#670 "mcmc_tpn" 
"Rfast::mahala" "dmvnorm" 2#670 "mcmc_tpn" 
"Rfast::mahala" "dmvnorm" 2#671 "mcmc_tpn" 
2#670 "Rfast::mahala" "dmvnorm" 2#670 "mcmc_tpn" 
"Rfast::mahala" "dmvnorm" 2#670 "mcmc_tpn" 
2#670 "Rfast::mahala" "dmvnorm" 2#670 "mcmc_tpn" 
"Rfast::mahala" "dmvnorm" 2#670 "mcmc_tpn" 
"Rfast::mahala" "dmvnorm" 2#670 "mcmc_tpn" 
"Rfast::mahala" "dmvnorm" 2#670 "mcmc_tpn" 
2#670 "Rfast::mahala" "dmvnorm" 2#670 "mcmc_tpn" 
2#259 "mcmc_tpn" 
2#259 "mcmc_tpn" 
2#310 "as.vector" 2#310 "mcmc_tpn" 
"%*%" 2#346 "mcmc_tpn" 
2#480 "as.vector" 2#480 "mcmc_tpn" 
2#480 "as.vector" 2#480 "mcmc_tpn" 
"%*%" "diag" "dInvWishart" 2#594 "mcmc_tpn" 
2#670 "Rfast::mahala" "dmvnorm" 2#670 "mcmc_tpn" 
2#670 "Rfast::mahala" "dmvnorm" 2#670 "mcmc_tpn" 
2#670 "Rfast::mahala" "dmvnorm" 2#670 "mcmc_tpn" 
"Rfast::mahala" "dmvnorm" 2#671 "mcmc_tpn" 
2#671 "Rfast::mahala" "dmvnorm" 2#671 "mcmc_tpn" 
"Rfast::mahala" "dmvnorm" 2#671 "mcmc_tpn" 
2#671 "Rfast::mahala" "dmvnorm" 2#671 "mcmc_tpn" 
"Rfast::mahala" "dmvnorm" 2#670 "mcmc_tpn" 
2#671 "Rfast::mahala" "dmvnorm" 2#671 "mcmc_tpn" 
"Rfast::mahala" "dmvnorm" 2#670 "mcmc_tpn" 
2#670 "Rfast::mahala" "dmvnorm" 2#670 "mcmc_tpn" 
"Rfast::mahala" "dmvnorm" 2#671 "mcmc_tpn" 
2#670 "Rfast::mahala" "dmvnorm" 2#670 "mcmc_tpn" 
2#670 "Rfast::mahala" "dmvnorm" 2#670 "mcmc_tpn" 
"Rfast::mahala" "dmvnorm" 2#671 "mcmc_tpn" 
2#670 "Rfast::mahala" "dmvnorm" 2#670 "mcmc_tpn" 
"Rfast::mahala" "dmvnorm" 2#670 "mcmc_tpn" 
2#670 "Rfast::mahala" "dmvnorm" 2#670 "mcmc_tpn" 
"Rfast::mahala" "dmvnorm" 2#670 "mcmc_tpn" 
2#670 "Rfast::mahala" "dmvnorm" 2#670 "mcmc_tpn" 
2#259 "mcmc_tpn" 
2#260 "mcmc_tpn" 
2#310 "as.vector" 2#310 "mcmc_tpn" 
2#379 "mcmc_tpn" 
2#480 "as.vector" 2#480 "mcmc_tpn" 
"chol2inv" 2#559 "mcmc_tpn" 
2#670 "Rfast::mahala" "dmvnorm" 2#670 "mcmc_tpn" 
2#671 "Rfast::mahala" "dmvnorm" 2#671 "mcmc_tpn" 
"Rfast::mahala" "dmvnorm" 2#670 "mcmc_tpn" 
2#670 "Rfast::mahala" "dmvnorm" 2#670 "mcmc_tpn" 
"Rfast::mahala" "dmvnorm" 2#670 "mcmc_tpn" 
"Rfast::mahala" "dmvnorm" 2#671 "mcmc_tpn" 
"Rfast::mahala" "dmvnorm" 2#671 "mcmc_tpn" 
2#670 "Rfast::mahala" "dmvnorm" 2#670 "mcmc_tpn" 
2#676 "mcmc_tpn" 
2#671 "Rfast::mahala" "dmvnorm" 2#671 "mcmc_tpn" 
2#670 "Rfast::mahala" "dmvnorm" 2#670 "mcmc_tpn" 
"Rfast::mahala" "dmvnorm" 2#671 "mcmc_tpn" 
"Rfast::mahala" "dmvnorm" 2#670 "mcmc_tpn" 
"Rfast::mahala" "dmvnorm" 2#670 "mcmc_tpn" 
2#675 "mcmc_tpn" 
2#675 "mcmc_tpn" 
2#675 "mcmc_tpn" 
2#675 "mcmc_tpn" 
2#675 "mcmc_tpn" 
"Rfast::mahala" "dmvnorm" 2#670 "mcmc_tpn" 
"Rfast::mahala" "dmvnorm" 2#671 "mcmc_tpn" 
"determinant.matrix" "determinant" "det" "dmvnorm" 2#671 "mcmc_tpn" 
"Rfast::mahala" "dmvnorm" 2#671 "mcmc_tpn" 
"determinant.matrix" "determinant" "det" "dmvnorm" 2#671 "mcmc_tpn" 
2#259 "mcmc_tpn" 
2#260 "mcmc_tpn" 
2#346 "t" 2#346 "mcmc_tpn" 
2#480 "as.vector" 2#480 "mcmc_tpn" 
2#480 "as.vector" 2#480 "mcmc_tpn" 
"array" "dInvWishart" 2#593 "mcmc_tpn" 
"Rfast::mahala" "dmvnorm" 2#671 "mcmc_tpn" 
"Rfast::mahala" "dmvnorm" 2#671 "mcmc_tpn" 
2#670 "Rfast::mahala" "dmvnorm" 2#670 "mcmc_tpn" 
"Rfast::mahala" "dmvnorm" 2#670 "mcmc_tpn" 
"Rfast::mahala" "dmvnorm" 2#670 "mcmc_tpn" 
"Rfast::mahala" "dmvnorm" 2#670 "mcmc_tpn" 
"Rfast::mahala" "dmvnorm" 2#671 "mcmc_tpn" 
2#671 "Rfast::mahala" "dmvnorm" 2#671 "mcmc_tpn" 
"Rfast::mahala" "dmvnorm" 2#671 "mcmc_tpn" 
"Rfast::mahala" "dmvnorm" 2#670 "mcmc_tpn" 
"matrix" "Rfast::mahala" "dmvnorm" 2#670 "mcmc_tpn" 
"Rfast::mahala" "dmvnorm" 2#670 "mcmc_tpn" 
"Rfast::mahala" "dmvnorm" 2#670 "mcmc_tpn" 
2#671 "Rfast::mahala" "dmvnorm" 2#671 "mcmc_tpn" 
"Rfast::mahala" "dmvnorm" 2#670 "mcmc_tpn" 
2#670 "Rfast::mahala" "dmvnorm" 2#670 "mcmc_tpn" 
"Rfast::mahala" "dmvnorm" 2#670 "mcmc_tpn" 
"Rfast::mahala" "dmvnorm" 2#671 "mcmc_tpn" 
"Rfast::mahala" "dmvnorm" 2#670 "mcmc_tpn" 
"Rfast::mahala" "dmvnorm" 2#670 "mcmc_tpn" 
2#259 "mcmc_tpn" 
2#260 "mcmc_tpn" 
"stopifnot" "rtruncnorm" 2#319 "mcmc_tpn" 
"t.default" "t" 2#351 "mcmc_tpn" 
2#480 "as.vector" 2#480 "mcmc_tpn" 
"rWishart" 2#540 "mcmc_tpn" 
"c" 2#656 "mcmc_tpn" 
2#670 "Rfast::mahala" "dmvnorm" 2#670 "mcmc_tpn" 
2#670 "Rfast::mahala" "dmvnorm" 2#670 "mcmc_tpn" 
"Rfast::mahala" "dmvnorm" 2#670 "mcmc_tpn" 
2#670 "Rfast::mahala" "dmvnorm" 2#670 "mcmc_tpn" 
"Rfast::mahala" "dmvnorm" 2#671 "mcmc_tpn" 
2#670 "Rfast::mahala" "dmvnorm" 2#670 "mcmc_tpn" 
2#670 "Rfast::mahala" "dmvnorm" 2#670 "mcmc_tpn" 
2#670 "Rfast::mahala" "dmvnorm" 2#670 "mcmc_tpn" 
2#670 "Rfast::mahala" "dmvnorm" 2#670 "mcmc_tpn" 
2#670 "Rfast::mahala" "dmvnorm" 2#670 "mcmc_tpn" 
2#671 "Rfast::mahala" "dmvnorm" 2#671 "mcmc_tpn" 
2#670 "Rfast::mahala" "dmvnorm" 2#670 "mcmc_tpn" 
2#670 "Rfast::mahala" "dmvnorm" 2#670 "mcmc_tpn" 
2#670 "Rfast::mahala" "dmvnorm" 2#670 "mcmc_tpn" 
2#671 "Rfast::mahala" "dmvnorm" 2#671 "mcmc_tpn" 
"Rfast::mahala" "dmvnorm" 2#671 "mcmc_tpn" 
"Rfast::mahala" "dmvnorm" 2#670 "mcmc_tpn" 
"Rfast::mahala" "dmvnorm" 2#671 "mcmc_tpn" 
2#671 "Rfast::mahala" "dmvnorm" 2#671 "mcmc_tpn" 
2#259 "mcmc_tpn" 
2#260 "mcmc_tpn" 
2#320 "mcmc_tpn" 
"%*%" 2#345 "mcmc_tpn" 
2#476 "as.vector" 2#476 "mcmc_tpn" 
"%*%" 2#476 "as.vector" 2#476 "mcmc_tpn" 
"chol2inv" "diag" "dInvWishart" 2#593 "mcmc_tpn" 
"Rfast::mahala" "dmvnorm" 2#670 "mcmc_tpn" 
"Rfast::mahala" "dmvnorm" 2#670 "mcmc_tpn" 
2#670 "Rfast::mahala" "dmvnorm" 2#670 "mcmc_tpn" 
2#670 "Rfast::mahala" "dmvnorm" 2#670 "mcmc_tpn" 
2#670 "Rfast::mahala" "dmvnorm" 2#670 "mcmc_tpn" 
"Rfast::mahala" "dmvnorm" 2#671 "mcmc_tpn" 
2#670 "Rfast::mahala" "dmvnorm" 2#670 "mcmc_tpn" 
"Rfast::mahala" "dmvnorm" 2#670 "mcmc_tpn" 
"Rfast::mahala" "dmvnorm" 2#671 "mcmc_tpn" 
2#670 "Rfast::mahala" "dmvnorm" 2#670 "mcmc_tpn" 
2#670 "Rfast::mahala" "dmvnorm" 2#670 "mcmc_tpn" 
"Rfast::mahala" "dmvnorm" 2#670 "mcmc_tpn" 
"Rfast::mahala" "dmvnorm" 2#670 "mcmc_tpn" 
2#671 "Rfast::mahala" "dmvnorm" 2#671 "mcmc_tpn" 
2#671 "Rfast::mahala" "dmvnorm" 2#671 "mcmc_tpn" 
2#671 "Rfast::mahala" "dmvnorm" 2#671 "mcmc_tpn" 
2#670 "Rfast::mahala" "dmvnorm" 2#670 "mcmc_tpn" 
"Rfast::mahala" "dmvnorm" 2#671 "mcmc_tpn" 
"determinant.matrix" "determinant" "det" "dmvnorm" 2#670 "mcmc_tpn" 
"determinant.matrix" "determinant" "det" "dmvnorm" 2#670 "mcmc_tpn" 
2#279 "mcmc_tpn" 
2#260 "mcmc_tpn" 
2#310 "as.vector" 2#310 "mcmc_tpn" 
"%*%" 2#345 "mcmc_tpn" 
2#480 "as.vector" 2#480 "mcmc_tpn" 
2#476 "as.vector" 2#476 "mcmc_tpn" 
"attr.all.equal" "all.equal.numeric" "all.equal" "all.equal.list" "all.equal" "attr.all.equal" "all.equal.numeric" "all.equal" "isSymmetric.matrix" "isSymmetric" "dInvWishart" 2#593 "mcmc_tpn" 
2#598 "dWishart" 2#598 "mcmc_tpn" 
2#598 "dWishart" 2#598 "mcmc_tpn" 
2#598 "dWishart" 2#598 "mcmc_tpn" 
"Rfast::mahala" "dmvnorm" 2#670 "mcmc_tpn" 
"determinant.matrix" "determinant" "det" "dmvnorm" 2#671 "mcmc_tpn" 
"Rfast::mahala" "dmvnorm" 2#671 "mcmc_tpn" 
2#671 "Rfast::mahala" "dmvnorm" 2#671 "mcmc_tpn" 
2#676 "mcmc_tpn" 
2#675 "mcmc_tpn" 
2#670 "Rfast::mahala" "dmvnorm" 2#670 "mcmc_tpn" 
"Rfast::mahala" "dmvnorm" 2#670 "mcmc_tpn" 
2#670 "Rfast::mahala" "dmvnorm" 2#670 "mcmc_tpn" 
2#670 "Rfast::mahala" "dmvnorm" 2#670 "mcmc_tpn" 
"Rfast::mahala" "dmvnorm" 2#671 "mcmc_tpn" 
"Rfast::mahala" "dmvnorm" 2#671 "mcmc_tpn" 
"Rfast::mahala" "dmvnorm" 2#670 "mcmc_tpn" 
"Rfast::mahala" "dmvnorm" 2#671 "mcmc_tpn" 
2#671 "Rfast::mahala" "dmvnorm" 2#671 "mcmc_tpn" 
2#670 "Rfast::mahala" "dmvnorm" 2#670 "mcmc_tpn" 
2#670 "Rfast::mahala" "dmvnorm" 2#670 "mcmc_tpn" 
"Rfast::mahala" "dmvnorm" 2#670 "mcmc_tpn" 
2#670 "Rfast::mahala" "dmvnorm" 2#670 "mcmc_tpn" 
2#259 "mcmc_tpn" 
2#259 "mcmc_tpn" 
2#310 "as.vector" 2#310 "mcmc_tpn" 
2#346 "t" 2#346 "mcmc_tpn" 
2#480 "as.vector" 2#480 "mcmc_tpn" 
2#476 "as.vector" 2#476 "mcmc_tpn" 
"chol2inv" "diag" "dWishart" 2#598 "mcmc_tpn" 
"determinant.matrix" "determinant" "det" "dmvnorm" 2#670 "mcmc_tpn" 
"Rfast::mahala" "dmvnorm" 2#670 "mcmc_tpn" 
2#670 "Rfast::mahala" "dmvnorm" 2#670 "mcmc_tpn" 
2#670 "Rfast::mahala" "dmvnorm" 2#670 "mcmc_tpn" 
2#670 "Rfast::mahala" "dmvnorm" 2#670 "mcmc_tpn" 
"Rfast::mahala" "dmvnorm" 2#670 "mcmc_tpn" 
2#670 "Rfast::mahala" "dmvnorm" 2#670 "mcmc_tpn" 
"Rfast::mahala" "dmvnorm" 2#670 "mcmc_tpn" 
"Rfast::mahala" "dmvnorm" 2#670 "mcmc_tpn" 
"Rfast::mahala" "dmvnorm" 2#671 "mcmc_tpn" 
2#671 "Rfast::mahala" "dmvnorm" 2#671 "mcmc_tpn" 
2#670 "Rfast::mahala" "dmvnorm" 2#670 "mcmc_tpn" 
2#670 "Rfast::mahala" "dmvnorm" 2#670 "mcmc_tpn" 
2#671 "Rfast::mahala" "dmvnorm" 2#671 "mcmc_tpn" 
"Rfast::mahala" "dmvnorm" 2#671 "mcmc_tpn" 
"Rfast::mahala" "dmvnorm" 2#671 "mcmc_tpn" 
"Rfast::mahala" "dmvnorm" 2#671 "mcmc_tpn" 
2#670 "Rfast::mahala" "dmvnorm" 2#670 "mcmc_tpn" 
"Rfast::mahala" "dmvnorm" 2#670 "mcmc_tpn" 
2#670 "Rfast::mahala" "dmvnorm" 2#670 "mcmc_tpn" 
2#259 "mcmc_tpn" 
2#259 "mcmc_tpn" 
2#310 "as.vector" 2#310 "mcmc_tpn" 
2#378 "mcmc_tpn" 
2#480 "as.vector" 2#480 "mcmc_tpn" 
"crossprod" 2#579 "mcmc_tpn" 
"determinant.matrix" "determinant" "det" "dmvnorm" 2#671 "mcmc_tpn" 
"dmvnorm" 2#671 "mcmc_tpn" 
2#671 "Rfast::mahala" "dmvnorm" 2#671 "mcmc_tpn" 
"Rfast::mahala" "dmvnorm" 2#670 "mcmc_tpn" 
"Rfast::mahala" "dmvnorm" 2#670 "mcmc_tpn" 
"Rfast::mahala" "dmvnorm" 2#670 "mcmc_tpn" 
"Rfast::mahala" "dmvnorm" 2#671 "mcmc_tpn" 
"Rfast::mahala" "dmvnorm" 2#671 "mcmc_tpn" 
2#671 "Rfast::mahala" "dmvnorm" 2#671 "mcmc_tpn" 
2#671 "Rfast::mahala" "dmvnorm" 2#671 "mcmc_tpn" 
"Rfast::mahala" "dmvnorm" 2#670 "mcmc_tpn" 
"Rfast::mahala" "dmvnorm" 2#670 "mcmc_tpn" 
"Rfast::mahala" "dmvnorm" 2#670 "mcmc_tpn" 
"Rfast::mahala" "dmvnorm" 2#670 "mcmc_tpn" 
"Rfast::mahala" "dmvnorm" 2#670 "mcmc_tpn" 
"Rfast::mahala" "dmvnorm" 2#671 "mcmc_tpn" 
2#670 "Rfast::mahala" "dmvnorm" 2#670 "mcmc_tpn" 
2#670 "Rfast::mahala" "dmvnorm" 2#670 "mcmc_tpn" 
"Rfast::mahala" "dmvnorm" 2#670 "mcmc_tpn" 
2#671 "Rfast::mahala" "dmvnorm" 2#671 "mcmc_tpn" 
2#259 "mcmc_tpn" 
"dnorm" 2#262 "mcmc_tpn" 
2#320 "mcmc_tpn" 
2#378 "mcmc_tpn" 
"as.vector" 2#480 "mcmc_tpn" 
"chol.default" "chol" 3#4 "doTryCatch" "tryCatchOne" "tryCatchList" "tryCatch" 3#2 "test_sigma_mcmc" 2#546 "mcmc_tpn" 
2#671 "Rfast::mahala" "dmvnorm" 2#671 "mcmc_tpn" 
"Rfast::mahala" "dmvnorm" 2#671 "mcmc_tpn" 
"Rfast::mahala" "dmvnorm" 2#671 "mcmc_tpn" 
2#671 "Rfast::mahala" "dmvnorm" 2#671 "mcmc_tpn" 
"Rfast::mahala" "dmvnorm" 2#670 "mcmc_tpn" 
"Rfast::mahala" "dmvnorm" 2#671 "mcmc_tpn" 
"determinant.matrix" "determinant" "det" "dmvnorm" 2#671 "mcmc_tpn" 
2#671 "Rfast::mahala" "dmvnorm" 2#671 "mcmc_tpn" 
2#670 "Rfast::mahala" "dmvnorm" 2#670 "mcmc_tpn" 
"Rfast::mahala" "dmvnorm" 2#671 "mcmc_tpn" 
2#670 "Rfast::mahala" "dmvnorm" 2#670 "mcmc_tpn" 
"Rfast::mahala" "dmvnorm" 2#670 "mcmc_tpn" 
2#671 "Rfast::mahala" "dmvnorm" 2#671 "mcmc_tpn" 
"Rfast::mahala" "dmvnorm" 2#670 "mcmc_tpn" 
2#670 "Rfast::mahala" "dmvnorm" 2#670 "mcmc_tpn" 
"Rfast::mahala" "dmvnorm" 2#670 "mcmc_tpn" 
"Rfast::mahala" "dmvnorm" 2#670 "mcmc_tpn" 
"Rfast::mahala" "dmvnorm" 2#670 "mcmc_tpn" 
"Rfast::mahala" "dmvnorm" 2#670 "mcmc_tpn" 
"Rfast::mahala" "dmvnorm" 2#670 "mcmc_tpn" 
"Rfast::mahala" "dmvnorm" 2#671 "mcmc_tpn" 
"Rfast::mahala" "dmvnorm" 2#671 "mcmc_tpn" 
2#675 "mcmc_tpn" 
"Rfast::mahala" "dmvnorm" 2#670 "mcmc_tpn" 
"%*%" 2#260 "mcmc_tpn" 
2#260 "mcmc_tpn" 
"t.default" "t" 2#345 "mcmc_tpn" 
2#480 "as.vector" 2#480 "mcmc_tpn" 
2#476 "as.vector" 2#476 "mcmc_tpn" 
"crossprod" 2#579 "mcmc_tpn" 
2#671 "Rfast::mahala" "dmvnorm" 2#671 "mcmc_tpn" 
"Rfast::mahala" "dmvnorm" 2#671 "mcmc_tpn" 
2#671 "Rfast::mahala" "dmvnorm" 2#671 "mcmc_tpn" 
"Rfast::mahala" "dmvnorm" 2#671 "mcmc_tpn" 
"Rfast::mahala" "dmvnorm" 2#671 "mcmc_tpn" 
2#671 "Rfast::mahala" "dmvnorm" 2#671 "mcmc_tpn" 
2#671 "Rfast::mahala" "dmvnorm" 2#671 "mcmc_tpn" 
2#670 "Rfast::mahala" "dmvnorm" 2#670 "mcmc_tpn" 
"Rfast::mahala" "dmvnorm" 2#670 "mcmc_tpn" 
"Rfast::mahala" "dmvnorm" 2#670 "mcmc_tpn" 
2#671 "Rfast::mahala" "dmvnorm" 2#671 "mcmc_tpn" 
"Rfast::mahala" "dmvnorm" 2#670 "mcmc_tpn" 
"Rfast::mahala" "dmvnorm" 2#670 "mcmc_tpn" 
"matrix" "Rfast::mahala" "dmvnorm" 2#671 "mcmc_tpn" 
2#671 "Rfast::mahala" "dmvnorm" 2#671 "mcmc_tpn" 
"Rfast::mahala" "dmvnorm" 2#670 "mcmc_tpn" 
2#671 "Rfast::mahala" "dmvnorm" 2#671 "mcmc_tpn" 
"Rfast::mahala" "dmvnorm" 2#670 "mcmc_tpn" 
"matrix" "Rfast::mahala" "dmvnorm" 2#671 "mcmc_tpn" 
"Rfast::mahala" "dmvnorm" 2#671 "mcmc_tpn" 
2#260 "mcmc_tpn" 
2#259 "mcmc_tpn" 
2#310 "as.vector" 2#310 "mcmc_tpn" 
"t.default" "t" 2#345 "mcmc_tpn" 
2#480 "as.vector" 2#480 "mcmc_tpn" 
2#476 "as.vector" 2#476 "mcmc_tpn" 
"all.equal.numeric" "all.equal" "isSymmetric.matrix" "isSymmetric" "dWishart" 2#598 "mcmc_tpn" 
"Rfast::mahala" "dmvnorm" 2#671 "mcmc_tpn" 
"Rfast::mahala" "dmvnorm" 2#671 "mcmc_tpn" 
2#671 "Rfast::mahala" "dmvnorm" 2#671 "mcmc_tpn" 
2#670 "Rfast::mahala" "dmvnorm" 2#670 "mcmc_tpn" 
2#671 "Rfast::mahala" "dmvnorm" 2#671 "mcmc_tpn" 
"Rfast::mahala" "dmvnorm" 2#671 "mcmc_tpn" 
"Rfast::mahala" "dmvnorm" 2#671 "mcmc_tpn" 
2#670 "Rfast::mahala" "dmvnorm" 2#670 "mcmc_tpn" 
"Rfast::mahala" "dmvnorm" 2#670 "mcmc_tpn" 
2#670 "Rfast::mahala" "dmvnorm" 2#670 "mcmc_tpn" 
2#670 "Rfast::mahala" "dmvnorm" 2#670 "mcmc_tpn" 
"Rfast::mahala" "dmvnorm" 2#670 "mcmc_tpn" 
2#670 "Rfast::mahala" "dmvnorm" 2#670 "mcmc_tpn" 
"Rfast::mahala" "dmvnorm" 2#671 "mcmc_tpn" 
"Rfast::mahala" "dmvnorm" 2#671 "mcmc_tpn" 
"Rfast::mahala" "dmvnorm" 2#671 "mcmc_tpn" 
2#671 "Rfast::mahala" "dmvnorm" 2#671 "mcmc_tpn" 
"Rfast::mahala" "dmvnorm" 2#671 "mcmc_tpn" 
"Rfast::mahala" "dmvnorm" 2#671 "mcmc_tpn" 
"Rfast::mahala" "dmvnorm" 2#671 "mcmc_tpn" 
2#260 "mcmc_tpn" 
2#310 "as.vector" 2#310 "mcmc_tpn" 
"t.default" "t" 2#346 "mcmc_tpn" 
"runif" 2#490 "mcmc_tpn" 
2#480 "as.vector" 2#480 "mcmc_tpn" 
"all.equal.numeric" "all.equal" "isSymmetric.matrix" "isSymmetric" "dInvWishart" 2#593 "mcmc_tpn" 
2#670 "Rfast::mahala" "dmvnorm" 2#670 "mcmc_tpn" 
2#671 "Rfast::mahala" "dmvnorm" 2#671 "mcmc_tpn" 
2#675 "mcmc_tpn" 
2#671 "Rfast::mahala" "dmvnorm" 2#671 "mcmc_tpn" 
2#670 "Rfast::mahala" "dmvnorm" 2#670 "mcmc_tpn" 
"Rfast::mahala" "dmvnorm" 2#671 "mcmc_tpn" 
"Rfast::mahala" "dmvnorm" 2#670 "mcmc_tpn" 
2#670 "Rfast::mahala" "dmvnorm" 2#670 "mcmc_tpn" 
"Rfast::mahala" "dmvnorm" 2#670 "mcmc_tpn" 
2#670 "Rfast::mahala" "dmvnorm" 2#670 "mcmc_tpn" 
"Rfast::mahala" "dmvnorm" 2#670 "mcmc_tpn" 
2#670 "Rfast::mahala" "dmvnorm" 2#670 "mcmc_tpn" 
"Rfast::mahala" "dmvnorm" 2#670 "mcmc_tpn" 
2#670 "Rfast::mahala" "dmvnorm" 2#670 "mcmc_tpn" 
2#675 "mcmc_tpn" 
"matrix" "Rfast::mahala" "dmvnorm" 2#670 "mcmc_tpn" 
2#670 "Rfast::mahala" "dmvnorm" 2#670 "mcmc_tpn" 
2#671 "Rfast::mahala" "dmvnorm" 2#671 "mcmc_tpn" 
"Rfast::mahala" "dmvnorm" 2#670 "mcmc_tpn" 
"Rfast::mahala" "dmvnorm" 2#671 "mcmc_tpn" 
2#260 "mcmc_tpn" 
2#259 "mcmc_tpn" 
2#310 "as.vector" 2#310 "mcmc_tpn" 
"t.default" "t" 2#345 "mcmc_tpn" 
2#480 "as.vector" 2#480 "mcmc_tpn" 
2#476 "as.vector" 2#476 "mcmc_tpn" 
"%*%" "diag" "dInvWishart" 2#593 "mcmc_tpn" 
"t.default" "t" "mode" "attr.all.equal" "all.equal.numeric" "all.equal" "isSymmetric.matrix" "isSymmetric" "dInvWishart" 2#594 "mcmc_tpn" 
"t.default" "t" "mode" "attr.all.equal" "all.equal.numeric" "all.equal" "isSymmetric.matrix" "isSymmetric" "dInvWishart" 2#594 "mcmc_tpn" 
"t.default" "t" "mode" "attr.all.equal" "all.equal.numeric" "all.equal" "isSymmetric.matrix" "isSymmetric" "dInvWishart" 2#594 "mcmc_tpn" 
"array" "dWishart" 2#599 "mcmc_tpn" 
2#675 "mcmc_tpn" 
"Rfast::mahala" "dmvnorm" 2#671 "mcmc_tpn" 
"Rfast::mahala" "dmvnorm" 2#671 "mcmc_tpn" 
2#675 "mcmc_tpn" 
"Rfast::mahala" "dmvnorm" 2#671 "mcmc_tpn" 
"determinant.matrix" "determinant" "det" "dmvnorm" 2#671 "mcmc_tpn" 
2#671 "Rfast::mahala" "dmvnorm" 2#671 "mcmc_tpn" 
2#670 "Rfast::mahala" "dmvnorm" 2#670 "mcmc_tpn" 
"Rfast::mahala" "dmvnorm" 2#671 "mcmc_tpn" 
2#670 "Rfast::mahala" "dmvnorm" 2#670 "mcmc_tpn" 
2#670 "Rfast::mahala" "dmvnorm" 2#670 "mcmc_tpn" 
2#670 "Rfast::mahala" "dmvnorm" 2#670 "mcmc_tpn" 
"Rfast::mahala" "dmvnorm" 2#670 "mcmc_tpn" 
"Rfast::mahala" "dmvnorm" 2#670 "mcmc_tpn" 
2#670 "Rfast::mahala" "dmvnorm" 2#670 "mcmc_tpn" 
"Rfast::mahala" "dmvnorm" 2#670 "mcmc_tpn" 
"Rfast::mahala" "dmvnorm" 2#671 "mcmc_tpn" 
2#249 "rnorm" 2#249 "mcmc_tpn" 
2#259 "mcmc_tpn" 
2#310 "as.vector" 2#310 "mcmc_tpn" 
"%*%" 2#346 "mcmc_tpn" 
2#476 "as.vector" 2#476 "mcmc_tpn" 
2#480 "as.vector" 2#480 "mcmc_tpn" 
"chol2inv" "diag" "dWishart" 2#598 "mcmc_tpn" 
2#671 "Rfast::mahala" "dmvnorm" 2#671 "mcmc_tpn" 
2#670 "Rfast::mahala" "dmvnorm" 2#670 "mcmc_tpn" 
"determinant.matrix" "determinant" "det" "dmvnorm" 2#670 "mcmc_tpn" 
"Rfast::mahala" "dmvnorm" 2#670 "mcmc_tpn" 
2#670 "Rfast::mahala" "dmvnorm" 2#670 "mcmc_tpn" 
"Rfast::mahala" "dmvnorm" 2#671 "mcmc_tpn" 
"matrix" "Rfast::mahala" "dmvnorm" 2#670 "mcmc_tpn" 
"Rfast::mahala" "dmvnorm" 2#670 "mcmc_tpn" 
"Rfast::mahala" "dmvnorm" 2#670 "mcmc_tpn" 
"Rfast::mahala" "dmvnorm" 2#671 "mcmc_tpn" 
2#671 "Rfast::mahala" "dmvnorm" 2#671 "mcmc_tpn" 
"determinant.matrix" "determinant" "det" "dmvnorm" 2#670 "mcmc_tpn" 
2#671 "Rfast::mahala" "dmvnorm" 2#671 "mcmc_tpn" 
"Rfast::mahala" "dmvnorm" 2#671 "mcmc_tpn" 
"Rfast::mahala" "dmvnorm" 2#671 "mcmc_tpn" 
2#671 "Rfast::mahala" "dmvnorm" 2#671 "mcmc_tpn" 
"Rfast::mahala" "dmvnorm" 2#670 "mcmc_tpn" 
"Rfast::mahala" "dmvnorm" 2#670 "mcmc_tpn" 
2#670 "Rfast::mahala" "dmvnorm" 2#670 "mcmc_tpn" 
2#670 "Rfast::mahala" "dmvnorm" 2#670 "mcmc_tpn" 
2#259 "mcmc_tpn" 
2#259 "mcmc_tpn" 
2#310 "as.vector" 2#310 "mcmc_tpn" 
2#378 "mcmc_tpn" 
2#476 "as.vector" 2#476 "mcmc_tpn" 
"crossprod" 2#579 "mcmc_tpn" 
"matrix" "Rfast::mahala" "dmvnorm" 2#671 "mcmc_tpn" 
"matrix" "Rfast::mahala" "dmvnorm" 2#671 "mcmc_tpn" 
"Rfast::mahala" "dmvnorm" 2#670 "mcmc_tpn" 
"Rfast::mahala" "dmvnorm" 2#671 "mcmc_tpn" 
"Rfast::mahala" "dmvnorm" 2#671 "mcmc_tpn" 
2#671 "Rfast::mahala" "dmvnorm" 2#671 "mcmc_tpn" 
"Rfast::mahala" "dmvnorm" 2#670 "mcmc_tpn" 
2#670 "Rfast::mahala" "dmvnorm" 2#670 "mcmc_tpn" 
2#670 "Rfast::mahala" "dmvnorm" 2#670 "mcmc_tpn" 
2#671 "Rfast::mahala" "dmvnorm" 2#671 "mcmc_tpn" 
"Rfast::mahala" "dmvnorm" 2#671 "mcmc_tpn" 
2#670 "Rfast::mahala" "dmvnorm" 2#670 "mcmc_tpn" 
2#670 "Rfast::mahala" "dmvnorm" 2#670 "mcmc_tpn" 
2#670 "Rfast::mahala" "dmvnorm" 2#670 "mcmc_tpn" 
"Rfast::mahala" "dmvnorm" 2#670 "mcmc_tpn" 
"Rfast::mahala" "dmvnorm" 2#671 "mcmc_tpn" 
2#671 "Rfast::mahala" "dmvnorm" 2#671 "mcmc_tpn" 
2#671 "Rfast::mahala" "dmvnorm" 2#671 "mcmc_tpn" 
"Rfast::mahala" "dmvnorm" 2#670 "mcmc_tpn" 
2#670 "Rfast::mahala" "dmvnorm" 2#670 "mcmc_tpn" 
"array" "aperm" "sweep" 2#241 "mcmc_tpn" 
2#259 "mcmc_tpn" 
2#310 "as.vector" 2#310 "mcmc_tpn" 
"%*%" 2#346 "mcmc_tpn" 
2#476 "as.vector" 2#476 "mcmc_tpn" 
2#480 "as.vector" 2#480 "mcmc_tpn" 
2#581 "mcmc_tpn" 
2#670 "Rfast::mahala" "dmvnorm" 2#670 "mcmc_tpn" 
"Rfast::mahala" "dmvnorm" 2#670 "mcmc_tpn" 
"Rfast::mahala" "dmvnorm" 2#670 "mcmc_tpn" 
"det" "dmvnorm" 2#671 "mcmc_tpn" 
"Rfast::mahala" "dmvnorm" 2#671 "mcmc_tpn" 
"Rfast::mahala" "dmvnorm" 2#671 "mcmc_tpn" 
2#671 "Rfast::mahala" "dmvnorm" 2#671 "mcmc_tpn" 
"Rfast::mahala" "dmvnorm" 2#671 "mcmc_tpn" 
"Rfast::mahala" "dmvnorm" 2#670 "mcmc_tpn" 
"Rfast::mahala" "dmvnorm" 2#671 "mcmc_tpn" 
2#670 "Rfast::mahala" "dmvnorm" 2#670 "mcmc_tpn" 
2#670 "Rfast::mahala" "dmvnorm" 2#670 "mcmc_tpn" 
2#670 "Rfast::mahala" "dmvnorm" 2#670 "mcmc_tpn" 
2#670 "Rfast::mahala" "dmvnorm" 2#670 "mcmc_tpn" 
"Rfast::mahala" "dmvnorm" 2#670 "mcmc_tpn" 
"Rfast::mahala" "dmvnorm" 2#671 "mcmc_tpn" 
2#675 "mcmc_tpn" 
2#675 "mcmc_tpn" 
2#675 "mcmc_tpn" 
"Rfast::mahala" "dmvnorm" 2#671 "mcmc_tpn" 
2#675 "mcmc_tpn" 
2#675 "mcmc_tpn" 
"Rfast::mahala" "dmvnorm" 2#670 "mcmc_tpn" 
2#259 "mcmc_tpn" 
"%*%" 2#310 "as.vector" 2#310 "mcmc_tpn" 
"%*%" 2#346 "mcmc_tpn" 
2#476 "as.vector" 2#476 "mcmc_tpn" 
2#480 "as.vector" 2#480 "mcmc_tpn" 
"t.default" "t" "mode" "attr.all.equal" "all.equal.numeric" "all.equal" "isSymmetric.matrix" "isSymmetric" "dInvWishart" 2#594 "mcmc_tpn" 
"Rfast::mahala" "dmvnorm" 2#671 "mcmc_tpn" 
"Rfast::mahala" "dmvnorm" 2#671 "mcmc_tpn" 
"Rfast::mahala" "dmvnorm" 2#671 "mcmc_tpn" 
2#671 "Rfast::mahala" "dmvnorm" 2#671 "mcmc_tpn" 
"Rfast::mahala" "dmvnorm" 2#671 "mcmc_tpn" 
"Rfast::mahala" "dmvnorm" 2#671 "mcmc_tpn" 
"Rfast::mahala" "dmvnorm" 2#671 "mcmc_tpn" 
2#671 "Rfast::mahala" "dmvnorm" 2#671 "mcmc_tpn" 
"Rfast::mahala" "dmvnorm" 2#671 "mcmc_tpn" 
"Rfast::mahala" "dmvnorm" 2#671 "mcmc_tpn" 
"Rfast::mahala" "dmvnorm" 2#671 "mcmc_tpn" 
"Rfast::mahala" "dmvnorm" 2#670 "mcmc_tpn" 
"Rfast::mahala" "dmvnorm" 2#670 "mcmc_tpn" 
"Rfast::mahala" "dmvnorm" 2#670 "mcmc_tpn" 
"Rfast::mahala" "dmvnorm" 2#671 "mcmc_tpn" 
2#671 "Rfast::mahala" "dmvnorm" 2#671 "mcmc_tpn" 
2#670 "Rfast::mahala" "dmvnorm" 2#670 "mcmc_tpn" 
"determinant.matrix" "determinant" "det" "dmvnorm" 2#670 "mcmc_tpn" 
2#675 "mcmc_tpn" 
2#259 "mcmc_tpn" 
2#259 "mcmc_tpn" 
2#310 "as.vector" 2#310 "mcmc_tpn" 
2#345 "t" 2#345 "mcmc_tpn" 
2#476 "as.vector" 2#476 "mcmc_tpn" 
2#494 "mcmc_tpn" 
"is.na" "all.equal.numeric" "all.equal" "isSymmetric.matrix" "isSymmetric" "dWishart" 2#599 "mcmc_tpn" 
2#671 "Rfast::mahala" "dmvnorm" 2#671 "mcmc_tpn" 
"determinant.matrix" "determinant" "det" "dmvnorm" 2#671 "mcmc_tpn" 
"Rfast::mahala" "dmvnorm" 2#671 "mcmc_tpn" 
"matrix" "Rfast::mahala" "dmvnorm" 2#670 "mcmc_tpn" 
"Rfast::mahala" "dmvnorm" 2#671 "mcmc_tpn" 
2#670 "Rfast::mahala" "dmvnorm" 2#670 "mcmc_tpn" 
"matrix" "Rfast::mahala" "dmvnorm" 2#671 "mcmc_tpn" 
"Rfast::mahala" "dmvnorm" 2#670 "mcmc_tpn" 
2#670 "Rfast::mahala" "dmvnorm" 2#670 "mcmc_tpn" 
"matrix" "Rfast::mahala" "dmvnorm" 2#670 "mcmc_tpn" 
2#670 "Rfast::mahala" "dmvnorm" 2#670 "mcmc_tpn" 
2#670 "Rfast::mahala" "dmvnorm" 2#670 "mcmc_tpn" 
"Rfast::mahala" "dmvnorm" 2#670 "mcmc_tpn" 
2#670 "Rfast::mahala" "dmvnorm" 2#670 "mcmc_tpn" 
"Rfast::mahala" "dmvnorm" 2#671 "mcmc_tpn" 
"Rfast::mahala" "dmvnorm" 2#670 "mcmc_tpn" 
2#670 "Rfast::mahala" "dmvnorm" 2#670 "mcmc_tpn" 
2#670 "Rfast::mahala" "dmvnorm" 2#670 "mcmc_tpn" 
2#670 "Rfast::mahala" "dmvnorm" 2#670 "mcmc_tpn" 
"determinant.matrix" "determinant" "det" "dmvnorm" 2#670 "mcmc_tpn" 
2#260 "mcmc_tpn" 
2#260 "mcmc_tpn" 
2#310 "as.vector" 2#310 "mcmc_tpn" 
"t.default" "t" 2#352 "mcmc_tpn" 
2#480 "as.vector" 2#480 "mcmc_tpn" 
"rWishart" 2#540 "mcmc_tpn" 
"c" 2#656 "mcmc_tpn" 
"Rfast::mahala" "dmvnorm" 2#670 "mcmc_tpn" 
2#670 "Rfast::mahala" "dmvnorm" 2#670 "mcmc_tpn" 
"Rfast::mahala" "dmvnorm" 2#670 "mcmc_tpn" 
2#670 "Rfast::mahala" "dmvnorm" 2#670 "mcmc_tpn" 
2#670 "Rfast::mahala" "dmvnorm" 2#670 "mcmc_tpn" 
2#670 "Rfast::mahala" "dmvnorm" 2#670 "mcmc_tpn" 
"Rfast::mahala" "dmvnorm" 2#671 "mcmc_tpn" 
2#671 "Rfast::mahala" "dmvnorm" 2#671 "mcmc_tpn" 
"Rfast::mahala" "dmvnorm" 2#670 "mcmc_tpn" 
"Rfast::mahala" "dmvnorm" 2#671 "mcmc_tpn" 
"Rfast::mahala" "dmvnorm" 2#670 "mcmc_tpn" 
"Rfast::mahala" "dmvnorm" 2#670 "mcmc_tpn" 
"Rfast::mahala" "dmvnorm" 2#670 "mcmc_tpn" 
"Rfast::mahala" "dmvnorm" 2#670 "mcmc_tpn" 
"Rfast::mahala" "dmvnorm" 2#671 "mcmc_tpn" 
"Rfast::mahala" "dmvnorm" 2#671 "mcmc_tpn" 
"Rfast::mahala" "dmvnorm" 2#671 "mcmc_tpn" 
2#670 "Rfast::mahala" "dmvnorm" 2#670 "mcmc_tpn" 
2#670 "Rfast::mahala" "dmvnorm" 2#670 "mcmc_tpn" 
"Rfast::mahala" "dmvnorm" 2#670 "mcmc_tpn" 
2#259 "mcmc_tpn" 
2#262 "dnorm" 2#262 "mcmc_tpn" 
2#310 "as.vector" 2#310 "mcmc_tpn" 
2#345 "t" 2#345 "mcmc_tpn" 
2#480 "as.vector" 2#480 "mcmc_tpn" 
2#480 "as.vector" 2#480 "mcmc_tpn" 
2#476 "as.vector" 2#476 "mcmc_tpn" 
2#476 "as.vector" 2#476 "mcmc_tpn" 
2#476 "as.vector" 2#476 "mcmc_tpn" 
"%*%" "diag" "dWishart" 2#599 "mcmc_tpn" 
"Rfast::mahala" "dmvnorm" 2#670 "mcmc_tpn" 
"determinant.matrix" "determinant" "det" "dmvnorm" 2#671 "mcmc_tpn" 
2#670 "Rfast::mahala" "dmvnorm" 2#670 "mcmc_tpn" 
"Rfast::mahala" "dmvnorm" 2#670 "mcmc_tpn" 
2#671 "Rfast::mahala" "dmvnorm" 2#671 "mcmc_tpn" 
2#675 "mcmc_tpn" 
2#671 "Rfast::mahala" "dmvnorm" 2#671 "mcmc_tpn" 
"determinant.matrix" "determinant" "det" "dmvnorm" 2#670 "mcmc_tpn" 
2#671 "Rfast::mahala" "dmvnorm" 2#671 "mcmc_tpn" 
"Rfast::mahala" "dmvnorm" 2#671 "mcmc_tpn" 
"Rfast::mahala" "dmvnorm" 2#671 "mcmc_tpn" 
"Rfast::mahala" "dmvnorm" 2#671 "mcmc_tpn" 
"Rfast::mahala" "dmvnorm" 2#671 "mcmc_tpn" 
"Rfast::mahala" "dmvnorm" 2#671 "mcmc_tpn" 
2#671 "Rfast::mahala" "dmvnorm" 2#671 "mcmc_tpn" 
2#671 "Rfast::mahala" "dmvnorm" 2#671 "mcmc_tpn" 
"determinant.matrix" "determinant" "det" "dmvnorm" 2#671 "mcmc_tpn" 
"Rfast::mahala" "dmvnorm" 2#671 "mcmc_tpn" 
2#260 "mcmc_tpn" 
2#262 "dnorm" 2#262 "mcmc_tpn" 
2#346 "t" 2#346 "mcmc_tpn" 
2#476 "as.vector" 2#476 "mcmc_tpn" 
2#480 "as.vector" 2#480 "mcmc_tpn" 
"crossprod" 2#580 "mcmc_tpn" 
"Rfast::mahala" "dmvnorm" 2#671 "mcmc_tpn" 
2#671 "Rfast::mahala" "dmvnorm" 2#671 "mcmc_tpn" 
"Rfast::mahala" "dmvnorm" 2#671 "mcmc_tpn" 
"determinant.matrix" "determinant" "det" "dmvnorm" 2#670 "mcmc_tpn" 
2#670 "Rfast::mahala" "dmvnorm" 2#670 "mcmc_tpn" 
"Rfast::mahala" "dmvnorm" 2#671 "mcmc_tpn" 
"Rfast::mahala" "dmvnorm" 2#671 "mcmc_tpn" 
"Rfast::mahala" "dmvnorm" 2#671 "mcmc_tpn" 
2#670 "Rfast::mahala" "dmvnorm" 2#670 "mcmc_tpn" 
"matrix" "Rfast::mahala" "dmvnorm" 2#670 "mcmc_tpn" 
2#670 "Rfast::mahala" "dmvnorm" 2#670 "mcmc_tpn" 
2#670 "Rfast::mahala" "dmvnorm" 2#670 "mcmc_tpn" 
"Rfast::mahala" "dmvnorm" 2#670 "mcmc_tpn" 
2#671 "Rfast::mahala" "dmvnorm" 2#671 "mcmc_tpn" 
"Rfast::mahala" "dmvnorm" 2#670 "mcmc_tpn" 
2#670 "Rfast::mahala" "dmvnorm" 2#670 "mcmc_tpn" 
"determinant.matrix" "determinant" "det" "dmvnorm" 2#671 "mcmc_tpn" 
2#671 "Rfast::mahala" "dmvnorm" 2#671 "mcmc_tpn" 
"Rfast::mahala" "dmvnorm" 2#670 "mcmc_tpn" 
2#670 "Rfast::mahala" "dmvnorm" 2#670 "mcmc_tpn" 
"dnorm" 2#262 "mcmc_tpn" 
2#259 "mcmc_tpn" 
2#310 "as.vector" 2#310 "mcmc_tpn" 
"t.default" "t" 2#346 "mcmc_tpn" 
2#476 "as.vector" 2#476 "mcmc_tpn" 
2#480 "as.vector" 2#480 "mcmc_tpn" 
"diag" "dWishart" 2#598 "mcmc_tpn" 
"Rfast::mahala" "dmvnorm" 2#670 "mcmc_tpn" 
2#671 "Rfast::mahala" "dmvnorm" 2#671 "mcmc_tpn" 
2#670 "Rfast::mahala" "dmvnorm" 2#670 "mcmc_tpn" 
"Rfast::mahala" "dmvnorm" 2#671 "mcmc_tpn" 
2#671 "Rfast::mahala" "dmvnorm" 2#671 "mcmc_tpn" 
2#670 "Rfast::mahala" "dmvnorm" 2#670 "mcmc_tpn" 
"Rfast::mahala" "dmvnorm" 2#670 "mcmc_tpn" 
2#670 "Rfast::mahala" "dmvnorm" 2#670 "mcmc_tpn" 
"Rfast::mahala" "dmvnorm" 2#670 "mcmc_tpn" 
"Rfast::mahala" "dmvnorm" 2#670 "mcmc_tpn" 
2#671 "Rfast::mahala" "dmvnorm" 2#671 "mcmc_tpn" 
2#670 "Rfast::mahala" "dmvnorm" 2#670 "mcmc_tpn" 
2#670 "Rfast::mahala" "dmvnorm" 2#670 "mcmc_tpn" 
"Rfast::mahala" "dmvnorm" 2#670 "mcmc_tpn" 
2#670 "Rfast::mahala" "dmvnorm" 2#670 "mcmc_tpn" 
"Rfast::mahala" "dmvnorm" 2#670 "mcmc_tpn" 
2#671 "Rfast::mahala" "dmvnorm" 2#671 "mcmc_tpn" 
"Rfast::mahala" "dmvnorm" 2#671 "mcmc_tpn" 
2#671 "Rfast::mahala" "dmvnorm" 2#671 "mcmc_tpn" 
"Rfast::mahala" "dmvnorm" 2#671 "mcmc_tpn" 
2#259 "mcmc_tpn" 
2#310 "as.vector" 2#310 "mcmc_tpn" 
2#345 "t" 2#345 "mcmc_tpn" 
2#476 "as.vector" 2#476 "mcmc_tpn" 
2#480 "as.vector" 2#480 "mcmc_tpn" 
"crossprod" 2#580 "mcmc_tpn" 
"Rfast::mahala" "dmvnorm" 2#670 "mcmc_tpn" 
2#670 "Rfast::mahala" "dmvnorm" 2#670 "mcmc_tpn" 
"Rfast::mahala" "dmvnorm" 2#671 "mcmc_tpn" 
2#671 "Rfast::mahala" "dmvnorm" 2#671 "mcmc_tpn" 
2#671 "Rfast::mahala" "dmvnorm" 2#671 "mcmc_tpn" 
2#676 "mcmc_tpn" 
2#671 "Rfast::mahala" "dmvnorm" 2#671 "mcmc_tpn" 
2#671 "Rfast::mahala" "dmvnorm" 2#671 "mcmc_tpn" 
"Rfast::mahala" "dmvnorm" 2#670 "mcmc_tpn" 
"Rfast::mahala" "dmvnorm" 2#670 "mcmc_tpn" 
"Rfast::mahala" "dmvnorm" 2#670 "mcmc_tpn" 
2#670 "Rfast::mahala" "dmvnorm" 2#670 "mcmc_tpn" 
2#670 "Rfast::mahala" "dmvnorm" 2#670 "mcmc_tpn" 
2#670 "Rfast::mahala" "dmvnorm" 2#670 "mcmc_tpn" 
"Rfast::mahala" "dmvnorm" 2#670 "mcmc_tpn" 
"det" "dmvnorm" 2#671 "mcmc_tpn" 
"det" "dmvnorm" 2#671 "mcmc_tpn" 
"determinant.matrix" "determinant" "det" "dmvnorm" 2#671 "mcmc_tpn" 
2#671 "Rfast::mahala" "dmvnorm" 2#671 "mcmc_tpn" 
"determinant.matrix" "determinant" "det" "dmvnorm" 2#671 "mcmc_tpn" 
2#671 "Rfast::mahala" "dmvnorm" 2#671 "mcmc_tpn" 
"Rfast::mahala" "dmvnorm" 2#671 "mcmc_tpn" 
2#259 "mcmc_tpn" 
2#310 "as.vector" 2#310 "mcmc_tpn" 
2#346 "t" 2#346 "mcmc_tpn" 
2#476 "as.vector" 2#476 "mcmc_tpn" 
2#476 "as.vector" 2#476 "mcmc_tpn" 
"Rfast::mahala" "dmvnorm" 2#670 "mcmc_tpn" 
"determinant.matrix" "determinant" "det" "dmvnorm" 2#671 "mcmc_tpn" 
"Rfast::mahala" "dmvnorm" 2#671 "mcmc_tpn" 
2#671 "Rfast::mahala" "dmvnorm" 2#671 "mcmc_tpn" 
2#670 "Rfast::mahala" "dmvnorm" 2#670 "mcmc_tpn" 
"Rfast::mahala" "dmvnorm" 2#670 "mcmc_tpn" 
2#670 "Rfast::mahala" "dmvnorm" 2#670 "mcmc_tpn" 
"Rfast::mahala" "dmvnorm" 2#670 "mcmc_tpn" 
"Rfast::mahala" "dmvnorm" 2#670 "mcmc_tpn" 
2#670 "Rfast::mahala" "dmvnorm" 2#670 "mcmc_tpn" 
2#670 "Rfast::mahala" "dmvnorm" 2#670 "mcmc_tpn" 
2#670 "Rfast::mahala" "dmvnorm" 2#670 "mcmc_tpn" 
2#671 "Rfast::mahala" "dmvnorm" 2#671 "mcmc_tpn" 
"Rfast::mahala" "dmvnorm" 2#670 "mcmc_tpn" 
"Rfast::mahala" "dmvnorm" 2#671 "mcmc_tpn" 
2#671 "Rfast::mahala" "dmvnorm" 2#671 "mcmc_tpn" 
2#670 "Rfast::mahala" "dmvnorm" 2#670 "mcmc_tpn" 
2#670 "Rfast::mahala" "dmvnorm" 2#670 "mcmc_tpn" 
"Rfast::mahala" "dmvnorm" 2#670 "mcmc_tpn" 
"Rfast::mahala" "dmvnorm" 2#671 "mcmc_tpn" 
2#260 "mcmc_tpn" 
2#260 "mcmc_tpn" 
"t.default" "t" 2#345 "mcmc_tpn" 
2#480 "as.vector" 2#480 "mcmc_tpn" 
"%*%" 2#480 "as.vector" 2#480 "mcmc_tpn" 
"crossprod" 2#580 "mcmc_tpn" 
2#670 "Rfast::mahala" "dmvnorm" 2#670 "mcmc_tpn" 
2#671 "Rfast::mahala" "dmvnorm" 2#671 "mcmc_tpn" 
"Rfast::mahala" "dmvnorm" 2#671 "mcmc_tpn" 
2#671 "Rfast::mahala" "dmvnorm" 2#671 "mcmc_tpn" 
"Rfast::mahala" "dmvnorm" 2#670 "mcmc_tpn" 
2#670 "Rfast::mahala" "dmvnorm" 2#670 "mcmc_tpn" 
2#670 "Rfast::mahala" "dmvnorm" 2#670 "mcmc_tpn" 
"Rfast::mahala" "dmvnorm" 2#670 "mcmc_tpn" 
"Rfast::mahala" "dmvnorm" 2#671 "mcmc_tpn" 
2#671 "Rfast::mahala" "dmvnorm" 2#671 "mcmc_tpn" 
"Rfast::mahala" "dmvnorm" 2#670 "mcmc_tpn" 
"Rfast::mahala" "dmvnorm" 2#671 "mcmc_tpn" 
"Rfast::mahala" "dmvnorm" 2#671 "mcmc_tpn" 
"Rfast::mahala" "dmvnorm" 2#670 "mcmc_tpn" 
2#670 "Rfast::mahala" "dmvnorm" 2#670 "mcmc_tpn" 
"Rfast::mahala" "dmvnorm" 2#671 "mcmc_tpn" 
"Rfast::mahala" "dmvnorm" 2#670 "mcmc_tpn" 
"Rfast::mahala" "dmvnorm" 2#671 "mcmc_tpn" 
2#671 "Rfast::mahala" "dmvnorm" 2#671 "mcmc_tpn" 
2#670 "Rfast::mahala" "dmvnorm" 2#670 "mcmc_tpn" 
"Rfast::mahala" "dmvnorm" 2#671 "mcmc_tpn" 
2#262 "dnorm" 2#262 "mcmc_tpn" 
2#310 "as.vector" 2#310 "mcmc_tpn" 
2#346 "t" 2#346 "mcmc_tpn" 
2#476 "as.vector" 2#476 "mcmc_tpn" 
2#496 "pmax" 2#496 "mcmc_tpn" 
"crossprod" 2#580 "mcmc_tpn" 
2#670 "Rfast::mahala" "dmvnorm" 2#670 "mcmc_tpn" 
2#670 "Rfast::mahala" "dmvnorm" 2#670 "mcmc_tpn" 
"Rfast::mahala" "dmvnorm" 2#670 "mcmc_tpn" 
2#670 "Rfast::mahala" "dmvnorm" 2#670 "mcmc_tpn" 
2#670 "Rfast::mahala" "dmvnorm" 2#670 "mcmc_tpn" 
2#670 "Rfast::mahala" "dmvnorm" 2#670 "mcmc_tpn" 
2#675 "mcmc_tpn" 
"Rfast::mahala" "dmvnorm" 2#670 "mcmc_tpn" 
2#670 "Rfast::mahala" "dmvnorm" 2#670 "mcmc_tpn" 
"determinant.matrix" "determinant" "det" "dmvnorm" 2#670 "mcmc_tpn" 
2#670 "Rfast::mahala" "dmvnorm" 2#670 "mcmc_tpn" 
"determinant.matrix" "determinant" "det" "dmvnorm" 2#671 "mcmc_tpn" 
"Rfast::mahala" "dmvnorm" 2#671 "mcmc_tpn" 
"matrix" "Rfast::mahala" "dmvnorm" 2#670 "mcmc_tpn" 
2#670 "Rfast::mahala" "dmvnorm" 2#670 "mcmc_tpn" 
"Rfast::mahala" "dmvnorm" 2#670 "mcmc_tpn" 
"Rfast::mahala" "dmvnorm" 2#670 "mcmc_tpn" 
2#670 "Rfast::mahala" "dmvnorm" 2#670 "mcmc_tpn" 
"Rfast::mahala" "dmvnorm" 2#670 "mcmc_tpn" 
"Rfast::mahala" "dmvnorm" 2#671 "mcmc_tpn" 
"Rfast::mahala" "dmvnorm" 2#671 "mcmc_tpn" 
2#259 "mcmc_tpn" 
2#259 "mcmc_tpn" 
2#346 "t" 2#346 "mcmc_tpn" 
2#476 "as.vector" 2#476 "mcmc_tpn" 
"as.vector" 2#476 "mcmc_tpn" 
2#503 "mcmc_tpn" 
2#503 "mcmc_tpn" 
2#503 "mcmc_tpn" 
"isSymmetric" "dInvWishart" 2#593 "mcmc_tpn" 
"Rfast::mahala" "dmvnorm" 2#670 "mcmc_tpn" 
"determinant.matrix" "determinant" "det" "dmvnorm" 2#671 "mcmc_tpn" 
"determinant.matrix" "determinant" "det" "dmvnorm" 2#670 "mcmc_tpn" 
2#675 "mcmc_tpn" 
"Rfast::mahala" "dmvnorm" 2#670 "mcmc_tpn" 
"Rfast::mahala" "dmvnorm" 2#671 "mcmc_tpn" 
2#670 "Rfast::mahala" "dmvnorm" 2#670 "mcmc_tpn" 
"Rfast::mahala" "dmvnorm" 2#671 "mcmc_tpn" 
2#671 "Rfast::mahala" "dmvnorm" 2#671 "mcmc_tpn" 
"Rfast::mahala" "dmvnorm" 2#671 "mcmc_tpn" 
"Rfast::mahala" "dmvnorm" 2#671 "mcmc_tpn" 
2#675 "mcmc_tpn" 
"Rfast::mahala" "dmvnorm" 2#671 "mcmc_tpn" 
"determinant.matrix" "determinant" "det" "dmvnorm" 2#671 "mcmc_tpn" 
"Rfast::mahala" "dmvnorm" 2#671 "mcmc_tpn" 
2#670 "Rfast::mahala" "dmvnorm" 2#670 "mcmc_tpn" 
2#670 "Rfast::mahala" "dmvnorm" 2#670 "mcmc_tpn" 
2#670 "Rfast::mahala" "dmvnorm" 2#670 "mcmc_tpn" 
"determinant.matrix" "determinant" "det" "dmvnorm" 2#671 "mcmc_tpn" 
"aperm.default" "aperm" "sweep" 2#241 "mcmc_tpn" 
2#259 "mcmc_tpn" 
2#310 "as.vector" 2#310 "mcmc_tpn" 
2#345 "t" 2#345 "mcmc_tpn" 
2#476 "as.vector" 2#476 "mcmc_tpn" 
"pmax" 2#496 "mcmc_tpn" 
"all.equal.numeric" "all.equal" "isSymmetric.matrix" "isSymmetric" "dInvWishart" 2#594 "mcmc_tpn" 
"determinant.matrix" "determinant" "det" "dmvnorm" 2#670 "mcmc_tpn" 
"determinant.matrix" "determinant" "det" "dmvnorm" 2#671 "mcmc_tpn" 
2#670 "Rfast::mahala" "dmvnorm" 2#670 "mcmc_tpn" 
2#671 "Rfast::mahala" "dmvnorm" 2#671 "mcmc_tpn" 
2#671 "Rfast::mahala" "dmvnorm" 2#671 "mcmc_tpn" 
"Rfast::mahala" "dmvnorm" 2#671 "mcmc_tpn" 
2#671 "Rfast::mahala" "dmvnorm" 2#671 "mcmc_tpn" 
"Rfast::mahala" "dmvnorm" 2#671 "mcmc_tpn" 
"Rfast::mahala" "dmvnorm" 2#671 "mcmc_tpn" 
2#670 "Rfast::mahala" "dmvnorm" 2#670 "mcmc_tpn" 
"Rfast::mahala" "dmvnorm" 2#670 "mcmc_tpn" 
"Rfast::mahala" "dmvnorm" 2#670 "mcmc_tpn" 
"Rfast::mahala" "dmvnorm" 2#671 "mcmc_tpn" 
"Rfast::mahala" "dmvnorm" 2#670 "mcmc_tpn" 
2#671 "Rfast::mahala" "dmvnorm" 2#671 "mcmc_tpn" 
2#675 "mcmc_tpn" 
"Rfast::mahala" "dmvnorm" 2#670 "mcmc_tpn" 
2#671 "Rfast::mahala" "dmvnorm" 2#671 "mcmc_tpn" 
2#670 "Rfast::mahala" "dmvnorm" 2#670 "mcmc_tpn" 
2#259 "mcmc_tpn" 
2#276 "mcmc_tpn" 
2#310 "as.vector" 2#310 "mcmc_tpn" 
"t.default" "t" 2#345 "mcmc_tpn" 
2#480 "as.vector" 2#480 "mcmc_tpn" 
2#476 "as.vector" 2#476 "mcmc_tpn" 
"chol2inv" "diag" "dInvWishart" 2#594 "mcmc_tpn" 
2#670 "Rfast::mahala" "dmvnorm" 2#670 "mcmc_tpn" 
"Rfast::mahala" "dmvnorm" 2#671 "mcmc_tpn" 
2#670 "Rfast::mahala" "dmvnorm" 2#670 "mcmc_tpn" 
2#675 "mcmc_tpn" 
2#670 "Rfast::mahala" "dmvnorm" 2#670 "mcmc_tpn" 
"Rfast::mahala" "dmvnorm" 2#670 "mcmc_tpn" 
2#670 "Rfast::mahala" "dmvnorm" 2#670 "mcmc_tpn" 
2#671 "Rfast::mahala" "dmvnorm" 2#671 "mcmc_tpn" 
2#671 "Rfast::mahala" "dmvnorm" 2#671 "mcmc_tpn" 
"Rfast::mahala" "dmvnorm" 2#670 "mcmc_tpn" 
2#670 "Rfast::mahala" "dmvnorm" 2#670 "mcmc_tpn" 
2#670 "Rfast::mahala" "dmvnorm" 2#670 "mcmc_tpn" 
"Rfast::mahala" "dmvnorm" 2#670 "mcmc_tpn" 
"determinant.matrix" "determinant" "det" "dmvnorm" 2#671 "mcmc_tpn" 
2#671 "Rfast::mahala" "dmvnorm" 2#671 "mcmc_tpn" 
"determinant.matrix" "determinant" "det" "dmvnorm" 2#670 "mcmc_tpn" 
"Rfast::mahala" "dmvnorm" 2#670 "mcmc_tpn" 
2#670 "Rfast::mahala" "dmvnorm" 2#670 "mcmc_tpn" 
2#670 "Rfast::mahala" "dmvnorm" 2#670 "mcmc_tpn" 
"determinant.matrix" "determinant" "det" "dmvnorm" 2#671 "mcmc_tpn" 
2#260 "mcmc_tpn" 
2#260 "mcmc_tpn" 
2#310 "as.vector" 2#310 "mcmc_tpn" 
2#345 "t" 2#345 "mcmc_tpn" 
2#476 "as.vector" 2#476 "mcmc_tpn" 
2#480 "as.vector" 2#480 "mcmc_tpn" 
"t.default" "t" "mode" "attr.all.equal" "all.equal.numeric" "all.equal" "isSymmetric.matrix" "isSymmetric" "dWishart" 2#598 "mcmc_tpn" 
"Rfast::mahala" "dmvnorm" 2#671 "mcmc_tpn" 
"Rfast::mahala" "dmvnorm" 2#671 "mcmc_tpn" 
"Rfast::mahala" "dmvnorm" 2#671 "mcmc_tpn" 
"determinant.matrix" "determinant" "det" "dmvnorm" 2#671 "mcmc_tpn" 
"Rfast::mahala" "dmvnorm" 2#671 "mcmc_tpn" 
2#670 "Rfast::mahala" "dmvnorm" 2#670 "mcmc_tpn" 
"Rfast::mahala" "dmvnorm" 2#671 "mcmc_tpn" 
"Rfast::mahala" "dmvnorm" 2#670 "mcmc_tpn" 
"Rfast::mahala" "dmvnorm" 2#670 "mcmc_tpn" 
"determinant.matrix" "determinant" "det" "dmvnorm" 2#671 "mcmc_tpn" 
2#671 "Rfast::mahala" "dmvnorm" 2#671 "mcmc_tpn" 
2#670 "Rfast::mahala" "dmvnorm" 2#670 "mcmc_tpn" 
2#671 "Rfast::mahala" "dmvnorm" 2#671 "mcmc_tpn" 
"Rfast::mahala" "dmvnorm" 2#670 "mcmc_tpn" 
#File 4: functions/general_functions.R
4#6 "logsumexp2" 2#685 "mcmc_tpn" 
4#6 "logsumexp2" 2#685 "mcmc_tpn" 
4#6 "logsumexp2" 2#685 "mcmc_tpn" 
"Rfast::mahala" "dmvnorm" 2#671 "mcmc_tpn" 
2#675 "mcmc_tpn" 
2#670 "Rfast::mahala" "dmvnorm" 2#670 "mcmc_tpn" 
2#670 "Rfast::mahala" "dmvnorm" 2#670 "mcmc_tpn" 
2#670 "Rfast::mahala" "dmvnorm" 2#670 "mcmc_tpn" 
2#260 "mcmc_tpn" 
2#260 "mcmc_tpn" 
2#310 "as.vector" 2#310 "mcmc_tpn" 
2#345 "t" 2#345 "mcmc_tpn" 
2#476 "as.vector" 2#476 "mcmc_tpn" 
2#476 "as.vector" 2#476 "mcmc_tpn" 
"as.vector" "all.equal.numeric" "all.equal" "isSymmetric.matrix" "isSymmetric" "dWishart" 2#598 "mcmc_tpn" 
2#670 "Rfast::mahala" "dmvnorm" 2#670 "mcmc_tpn" 
"Rfast::mahala" "dmvnorm" 2#670 "mcmc_tpn" 
2#670 "Rfast::mahala" "dmvnorm" 2#670 "mcmc_tpn" 
"determinant.matrix" "determinant" "det" "dmvnorm" 2#670 "mcmc_tpn" 
2#671 "Rfast::mahala" "dmvnorm" 2#671 "mcmc_tpn" 
"Rfast::mahala" "dmvnorm" 2#671 "mcmc_tpn" 
"Rfast::mahala" "dmvnorm" 2#670 "mcmc_tpn" 
"Rfast::mahala" "dmvnorm" 2#671 "mcmc_tpn" 
2#670 "Rfast::mahala" "dmvnorm" 2#670 "mcmc_tpn" 
"Rfast::mahala" "dmvnorm" 2#670 "mcmc_tpn" 
"Rfast::mahala" "dmvnorm" 2#670 "mcmc_tpn" 
2#670 "Rfast::mahala" "dmvnorm" 2#670 "mcmc_tpn" 
2#670 "Rfast::mahala" "dmvnorm" 2#670 "mcmc_tpn" 
2#670 "Rfast::mahala" "dmvnorm" 2#670 "mcmc_tpn" 
"determinant.matrix" "determinant" "det" "dmvnorm" 2#670 "mcmc_tpn" 
2#671 "Rfast::mahala" "dmvnorm" 2#671 "mcmc_tpn" 
"Rfast::mahala" "dmvnorm" 2#671 "mcmc_tpn" 
2#671 "Rfast::mahala" "dmvnorm" 2#671 "mcmc_tpn" 
2#670 "Rfast::mahala" "dmvnorm" 2#670 "mcmc_tpn" 
2#675 "mcmc_tpn" 
2#259 "mcmc_tpn" 
2#310 "as.vector" 2#310 "mcmc_tpn" 
2#346 "t" 2#346 "mcmc_tpn" 
2#480 "as.vector" 2#480 "mcmc_tpn" 
2#476 "as.vector" 2#476 "mcmc_tpn" 
"crossprod" 2#580 "mcmc_tpn" 
2#670 "Rfast::mahala" "dmvnorm" 2#670 "mcmc_tpn" 
2#670 "Rfast::mahala" "dmvnorm" 2#670 "mcmc_tpn" 
"Rfast::mahala" "dmvnorm" 2#671 "mcmc_tpn" 
"determinant.matrix" "determinant" "det" "dmvnorm" 2#670 "mcmc_tpn" 
2#670 "Rfast::mahala" "dmvnorm" 2#670 "mcmc_tpn" 
"determinant.matrix" "determinant" "det" "dmvnorm" 2#671 "mcmc_tpn" 
2#671 "Rfast::mahala" "dmvnorm" 2#671 "mcmc_tpn" 
2#670 "Rfast::mahala" "dmvnorm" 2#670 "mcmc_tpn" 
"Rfast::mahala" "dmvnorm" 2#670 "mcmc_tpn" 
2#670 "Rfast::mahala" "dmvnorm" 2#670 "mcmc_tpn" 
"Rfast::mahala" "dmvnorm" 2#671 "mcmc_tpn" 
2#670 "Rfast::mahala" "dmvnorm" 2#670 "mcmc_tpn" 
"Rfast::mahala" "dmvnorm" 2#671 "mcmc_tpn" 
"Rfast::mahala" "dmvnorm" 2#670 "mcmc_tpn" 
"Rfast::mahala" "dmvnorm" 2#670 "mcmc_tpn" 
2#670 "Rfast::mahala" "dmvnorm" 2#670 "mcmc_tpn" 
"Rfast::mahala" "dmvnorm" 2#670 "mcmc_tpn" 
2#671 "Rfast::mahala" "dmvnorm" 2#671 "mcmc_tpn" 
"determinant.matrix" "determinant" "det" "dmvnorm" 2#671 "mcmc_tpn" 
"determinant.matrix" "determinant" "det" "dmvnorm" 2#670 "mcmc_tpn" 
2#260 "mcmc_tpn" 
2#259 "mcmc_tpn" 
2#310 "as.vector" 2#310 "mcmc_tpn" 
"t.default" "t" 2#345 "mcmc_tpn" 
2#480 "as.vector" 2#480 "mcmc_tpn" 
2#476 "as.vector" 2#476 "mcmc_tpn" 
"%*%" "diag" "dWishart" 2#598 "mcmc_tpn" 
2#671 "Rfast::mahala" "dmvnorm" 2#671 "mcmc_tpn" 
"Rfast::mahala" "dmvnorm" 2#671 "mcmc_tpn" 
2#670 "Rfast::mahala" "dmvnorm" 2#670 "mcmc_tpn" 
2#670 "Rfast::mahala" "dmvnorm" 2#670 "mcmc_tpn" 
"Rfast::mahala" "dmvnorm" 2#671 "mcmc_tpn" 
"Rfast::mahala" "dmvnorm" 2#671 "mcmc_tpn" 
2#671 "Rfast::mahala" "dmvnorm" 2#671 "mcmc_tpn" 
2#670 "Rfast::mahala" "dmvnorm" 2#670 "mcmc_tpn" 
"Rfast::mahala" "dmvnorm" 2#671 "mcmc_tpn" 
2#671 "Rfast::mahala" "dmvnorm" 2#671 "mcmc_tpn" 
"determinant.matrix" "determinant" "det" "dmvnorm" 2#670 "mcmc_tpn" 
"Rfast::mahala" "dmvnorm" 2#670 "mcmc_tpn" 
2#670 "Rfast::mahala" "dmvnorm" 2#670 "mcmc_tpn" 
2#673 "mcmc_tpn" 
"Rfast::mahala" "dmvnorm" 2#671 "mcmc_tpn" 
"Rfast::mahala" "dmvnorm" 2#670 "mcmc_tpn" 
2#670 "Rfast::mahala" "dmvnorm" 2#670 "mcmc_tpn" 
"Rfast::mahala" "dmvnorm" 2#671 "mcmc_tpn" 
"Rfast::mahala" "dmvnorm" 2#671 "mcmc_tpn" 
"aperm.default" "aperm" "sweep" 2#241 "mcmc_tpn" 
2#260 "mcmc_tpn" 
2#310 "as.vector" 2#310 "mcmc_tpn" 
"t.default" "t" 2#345 "mcmc_tpn" 
2#480 "as.vector" 2#480 "mcmc_tpn" 
2#480 "as.vector" 2#480 "mcmc_tpn" 
2#480 "as.vector" 2#480 "mcmc_tpn" 
2#480 "as.vector" 2#480 "mcmc_tpn" 
2#476 "as.vector" 2#476 "mcmc_tpn" 
"chol2inv" "diag" "dWishart" 2#598 "mcmc_tpn" 
"determinant.matrix" "determinant" "det" "dmvnorm" 2#671 "mcmc_tpn" 
"Rfast::mahala" "dmvnorm" 2#670 "mcmc_tpn" 
2#676 "mcmc_tpn" 
2#671 "Rfast::mahala" "dmvnorm" 2#671 "mcmc_tpn" 
2#670 "Rfast::mahala" "dmvnorm" 2#670 "mcmc_tpn" 
"determinant.matrix" "determinant" "det" "dmvnorm" 2#671 "mcmc_tpn" 
"Rfast::mahala" "dmvnorm" 2#671 "mcmc_tpn" 
2#671 "Rfast::mahala" "dmvnorm" 2#671 "mcmc_tpn" 
2#671 "Rfast::mahala" "dmvnorm" 2#671 "mcmc_tpn" 
2#671 "Rfast::mahala" "dmvnorm" 2#671 "mcmc_tpn" 
"determinant.matrix" "determinant" "det" "dmvnorm" 2#671 "mcmc_tpn" 
"Rfast::mahala" "dmvnorm" 2#670 "mcmc_tpn" 
2#671 "Rfast::mahala" "dmvnorm" 2#671 "mcmc_tpn" 
"Rfast::mahala" "dmvnorm" 2#670 "mcmc_tpn" 
"determinant.matrix" "determinant" "det" "dmvnorm" 2#670 "mcmc_tpn" 
2#671 "Rfast::mahala" "dmvnorm" 2#671 "mcmc_tpn" 
2#671 "Rfast::mahala" "dmvnorm" 2#671 "mcmc_tpn" 
"Rfast::mahala" "dmvnorm" 2#671 "mcmc_tpn" 
2#260 "mcmc_tpn" 
2#259 "mcmc_tpn" 
2#310 "as.vector" 2#310 "mcmc_tpn" 
2#346 "t" 2#346 "mcmc_tpn" 
2#476 "as.vector" 2#476 "mcmc_tpn" 
2#480 "as.vector" 2#480 "mcmc_tpn" 
"chol2inv" "diag" "dInvWishart" 2#594 "mcmc_tpn" 
"Rfast::mahala" "dmvnorm" 2#671 "mcmc_tpn" 
"Rfast::mahala" "dmvnorm" 2#671 "mcmc_tpn" 
2#671 "Rfast::mahala" "dmvnorm" 2#671 "mcmc_tpn" 
"Rfast::mahala" "dmvnorm" 2#670 "mcmc_tpn" 
2#670 "Rfast::mahala" "dmvnorm" 2#670 "mcmc_tpn" 
"determinant.matrix" "determinant" "det" "dmvnorm" 2#671 "mcmc_tpn" 
2#670 "Rfast::mahala" "dmvnorm" 2#670 "mcmc_tpn" 
"Rfast::mahala" "dmvnorm" 2#670 "mcmc_tpn" 
2#670 "Rfast::mahala" "dmvnorm" 2#670 "mcmc_tpn" 
"determinant.matrix" "determinant" "det" "dmvnorm" 2#671 "mcmc_tpn" 
"Rfast::mahala" "dmvnorm" 2#671 "mcmc_tpn" 
2#671 "Rfast::mahala" "dmvnorm" 2#671 "mcmc_tpn" 
"Rfast::mahala" "dmvnorm" 2#670 "mcmc_tpn" 
2#670 "Rfast::mahala" "dmvnorm" 2#670 "mcmc_tpn" 
2#670 "Rfast::mahala" "dmvnorm" 2#670 "mcmc_tpn" 
2#670 "Rfast::mahala" "dmvnorm" 2#670 "mcmc_tpn" 
"Rfast::mahala" "dmvnorm" 2#671 "mcmc_tpn" 
"Rfast::mahala" "dmvnorm" 2#671 "mcmc_tpn" 
2#671 "Rfast::mahala" "dmvnorm" 2#671 "mcmc_tpn" 
"Rfast::mahala" "dmvnorm" 2#670 "mcmc_tpn" 
2#260 "mcmc_tpn" 
2#259 "mcmc_tpn" 
2#310 "as.vector" 2#310 "mcmc_tpn" 
"%*%" 2#346 "mcmc_tpn" 
2#496 "mcmc_tpn" 
2#480 "as.vector" 2#480 "mcmc_tpn" 
"Cj" "mode" "attr.all.equal" "all.equal.numeric" "all.equal" "isSymmetric.matrix" "isSymmetric" "dWishart" 2#598 "mcmc_tpn" 
"Rfast::mahala" "dmvnorm" 2#671 "mcmc_tpn" 
"Rfast::mahala" "dmvnorm" 2#670 "mcmc_tpn" 
2#670 "Rfast::mahala" "dmvnorm" 2#670 "mcmc_tpn" 
2#670 "Rfast::mahala" "dmvnorm" 2#670 "mcmc_tpn" 
2#670 "Rfast::mahala" "dmvnorm" 2#670 "mcmc_tpn" 
2#670 "Rfast::mahala" "dmvnorm" 2#670 "mcmc_tpn" 
2#670 "Rfast::mahala" "dmvnorm" 2#670 "mcmc_tpn" 
"determinant.matrix" "determinant" "det" "dmvnorm" 2#671 "mcmc_tpn" 
2#671 "Rfast::mahala" "dmvnorm" 2#671 "mcmc_tpn" 
"Rfast::mahala" "dmvnorm" 2#670 "mcmc_tpn" 
"Rfast::mahala" "dmvnorm" 2#670 "mcmc_tpn" 
2#670 "Rfast::mahala" "dmvnorm" 2#670 "mcmc_tpn" 
"Rfast::mahala" "dmvnorm" 2#671 "mcmc_tpn" 
"Rfast::mahala" "dmvnorm" 2#670 "mcmc_tpn" 
"determinant.matrix" "determinant" "det" "dmvnorm" 2#670 "mcmc_tpn" 
"determinant.matrix" "determinant" "det" "dmvnorm" 2#670 "mcmc_tpn" 
"Rfast::mahala" "dmvnorm" 2#671 "mcmc_tpn" 
2#671 "Rfast::mahala" "dmvnorm" 2#671 "mcmc_tpn" 
2#670 "Rfast::mahala" "dmvnorm" 2#670 "mcmc_tpn" 
"matrix" "Rfast::mahala" "dmvnorm" 2#670 "mcmc_tpn" 
2#260 "mcmc_tpn" 
2#259 "mcmc_tpn" 
2#346 "t" 2#346 "mcmc_tpn" 
2#472 "mcmc_tpn" 
2#480 "as.vector" 2#480 "mcmc_tpn" 
"crossprod" 2#579 "mcmc_tpn" 
2#671 "Rfast::mahala" "dmvnorm" 2#671 "mcmc_tpn" 
2#670 "Rfast::mahala" "dmvnorm" 2#670 "mcmc_tpn" 
2#676 "mcmc_tpn" 
2#670 "Rfast::mahala" "dmvnorm" 2#670 "mcmc_tpn" 
"Rfast::mahala" "dmvnorm" 2#671 "mcmc_tpn" 
2#671 "Rfast::mahala" "dmvnorm" 2#671 "mcmc_tpn" 
"Rfast::mahala" "dmvnorm" 2#670 "mcmc_tpn" 
"Rfast::mahala" "dmvnorm" 2#671 "mcmc_tpn" 
"Rfast::mahala" "dmvnorm" 2#671 "mcmc_tpn" 
"Rfast::mahala" "dmvnorm" 2#671 "mcmc_tpn" 
2#671 "Rfast::mahala" "dmvnorm" 2#671 "mcmc_tpn" 
2#670 "Rfast::mahala" "dmvnorm" 2#670 "mcmc_tpn" 
2#670 "Rfast::mahala" "dmvnorm" 2#670 "mcmc_tpn" 
"Rfast::mahala" "dmvnorm" 2#670 "mcmc_tpn" 
"max" 4#10 "logsumexp2" 2#685 "mcmc_tpn" 
"max" 4#10 "logsumexp2" 2#685 "mcmc_tpn" 
"max" 4#10 "logsumexp2" 2#685 "mcmc_tpn" 
"max" 4#10 "logsumexp2" 2#685 "mcmc_tpn" 
2#675 "mcmc_tpn" 
"Rfast::mahala" "dmvnorm" 2#671 "mcmc_tpn" 
"Rfast::mahala" "dmvnorm" 2#671 "mcmc_tpn" 
"Rfast::mahala" "dmvnorm" 2#670 "mcmc_tpn" 
"Rfast::mahala" "dmvnorm" 2#670 "mcmc_tpn" 
"Rfast::mahala" "dmvnorm" 2#671 "mcmc_tpn" 
2#260 "mcmc_tpn" 
"dnorm" 2#262 "mcmc_tpn" 
2#310 "as.vector" 2#310 "mcmc_tpn" 
2#345 "t" 2#345 "mcmc_tpn" 
2#480 "as.vector" 2#480 "mcmc_tpn" 
2#487 "mcmc_tpn" 
"isSymmetric" "dWishart" 2#599 "mcmc_tpn" 
"Rfast::mahala" "dmvnorm" 2#671 "mcmc_tpn" 
"Rfast::mahala" "dmvnorm" 2#671 "mcmc_tpn" 
"Rfast::mahala" "dmvnorm" 2#670 "mcmc_tpn" 
"Rfast::mahala" "dmvnorm" 2#671 "mcmc_tpn" 
"Rfast::mahala" "dmvnorm" 2#671 "mcmc_tpn" 
2#671 "Rfast::mahala" "dmvnorm" 2#671 "mcmc_tpn" 
"Rfast::mahala" "dmvnorm" 2#670 "mcmc_tpn" 
"Rfast::mahala" "dmvnorm" 2#670 "mcmc_tpn" 
"Rfast::mahala" "dmvnorm" 2#671 "mcmc_tpn" 
"Rfast::mahala" "dmvnorm" 2#670 "mcmc_tpn" 
"Rfast::mahala" "dmvnorm" 2#671 "mcmc_tpn" 
"Rfast::mahala" "dmvnorm" 2#670 "mcmc_tpn" 
"Rfast::mahala" "dmvnorm" 2#670 "mcmc_tpn" 
2#670 "Rfast::mahala" "dmvnorm" 2#670 "mcmc_tpn" 
"Rfast::mahala" "dmvnorm" 2#671 "mcmc_tpn" 
2#671 "Rfast::mahala" "dmvnorm" 2#671 "mcmc_tpn" 
"Rfast::mahala" "dmvnorm" 2#670 "mcmc_tpn" 
2#670 "Rfast::mahala" "dmvnorm" 2#670 "mcmc_tpn" 
2#671 "Rfast::mahala" "dmvnorm" 2#671 "mcmc_tpn" 
2#670 "Rfast::mahala" "dmvnorm" 2#670 "mcmc_tpn" 
2#259 "mcmc_tpn" 
2#262 "dnorm" 2#262 "mcmc_tpn" 
2#310 "as.vector" 2#310 "mcmc_tpn" 
2#379 "mcmc_tpn" 
2#476 "as.vector" 2#476 "mcmc_tpn" 
"rWishart" 2#540 "mcmc_tpn" 
"diag" "dWishart" 2#599 "mcmc_tpn" 
"Rfast::mahala" "dmvnorm" 2#670 "mcmc_tpn" 
"Rfast::mahala" "dmvnorm" 2#670 "mcmc_tpn" 
"Rfast::mahala" "dmvnorm" 2#670 "mcmc_tpn" 
"Rfast::mahala" "dmvnorm" 2#671 "mcmc_tpn" 
"matrix" "Rfast::mahala" "dmvnorm" 2#670 "mcmc_tpn" 
2#670 "Rfast::mahala" "dmvnorm" 2#670 "mcmc_tpn" 
2#670 "Rfast::mahala" "dmvnorm" 2#670 "mcmc_tpn" 
2#670 "Rfast::mahala" "dmvnorm" 2#670 "mcmc_tpn" 
2#670 "Rfast::mahala" "dmvnorm" 2#670 "mcmc_tpn" 
2#670 "Rfast::mahala" "dmvnorm" 2#670 "mcmc_tpn" 
2#671 "Rfast::mahala" "dmvnorm" 2#671 "mcmc_tpn" 
"Rfast::mahala" "dmvnorm" 2#670 "mcmc_tpn" 
"Rfast::mahala" "dmvnorm" 2#671 "mcmc_tpn" 
"Rfast::mahala" "dmvnorm" 2#670 "mcmc_tpn" 
2#671 "Rfast::mahala" "dmvnorm" 2#671 "mcmc_tpn" 
2#670 "Rfast::mahala" "dmvnorm" 2#670 "mcmc_tpn" 
"Rfast::mahala" "dmvnorm" 2#670 "mcmc_tpn" 
"Rfast::mahala" "dmvnorm" 2#671 "mcmc_tpn" 
2#670 "Rfast::mahala" "dmvnorm" 2#670 "mcmc_tpn" 
"Rfast::mahala" "dmvnorm" 2#670 "mcmc_tpn" 
2#259 "mcmc_tpn" 
2#310 "as.vector" 2#310 "mcmc_tpn" 
2#345 "t" 2#345 "mcmc_tpn" 
2#480 "as.vector" 2#480 "mcmc_tpn" 
2#476 "as.vector" 2#476 "mcmc_tpn" 
"crossprod" 2#580 "mcmc_tpn" 
"Rfast::mahala" "dmvnorm" 2#670 "mcmc_tpn" 
"Rfast::mahala" "dmvnorm" 2#671 "mcmc_tpn" 
"determinant.matrix" "determinant" "det" "dmvnorm" 2#670 "mcmc_tpn" 
"Rfast::mahala" "dmvnorm" 2#671 "mcmc_tpn" 
"determinant.matrix" "determinant" "det" "dmvnorm" 2#671 "mcmc_tpn" 
"determinant.matrix" "determinant" "det" "dmvnorm" 2#670 "mcmc_tpn" 
2#670 "Rfast::mahala" "dmvnorm" 2#670 "mcmc_tpn" 
"Rfast::mahala" "dmvnorm" 2#671 "mcmc_tpn" 
"Rfast::mahala" "dmvnorm" 2#671 "mcmc_tpn" 
"determinant.matrix" "determinant" "det" "dmvnorm" 2#671 "mcmc_tpn" 
2#671 "Rfast::mahala" "dmvnorm" 2#671 "mcmc_tpn" 
"Rfast::mahala" "dmvnorm" 2#670 "mcmc_tpn" 
2#670 "Rfast::mahala" "dmvnorm" 2#670 "mcmc_tpn" 
"Rfast::mahala" "dmvnorm" 2#670 "mcmc_tpn" 
2#670 "Rfast::mahala" "dmvnorm" 2#670 "mcmc_tpn" 
"Rfast::mahala" "dmvnorm" 2#671 "mcmc_tpn" 
"Rfast::mahala" "dmvnorm" 2#670 "mcmc_tpn" 
"matrix" "Rfast::mahala" "dmvnorm" 2#670 "mcmc_tpn" 
2#670 "Rfast::mahala" "dmvnorm" 2#670 "mcmc_tpn" 
"Rfast::mahala" "dmvnorm" 2#670 "mcmc_tpn" 
2#260 "mcmc_tpn" 
2#259 "mcmc_tpn" 
2#310 "as.vector" 2#310 "mcmc_tpn" 
"%*%" 2#346 "mcmc_tpn" 
2#480 "as.vector" 2#480 "mcmc_tpn" 
2#480 "as.vector" 2#480 "mcmc_tpn" 
"is.na" "all.equal.numeric" "all.equal" "isSymmetric.matrix" "isSymmetric" "dInvWishart" 2#593 "mcmc_tpn" 
2#670 "Rfast::mahala" "dmvnorm" 2#670 "mcmc_tpn" 
2#670 "Rfast::mahala" "dmvnorm" 2#670 "mcmc_tpn" 
2#670 "Rfast::mahala" "dmvnorm" 2#670 "mcmc_tpn" 
2#670 "Rfast::mahala" "dmvnorm" 2#670 "mcmc_tpn" 
2#670 "Rfast::mahala" "dmvnorm" 2#670 "mcmc_tpn" 
"Rfast::mahala" "dmvnorm" 2#671 "mcmc_tpn" 
"Rfast::mahala" "dmvnorm" 2#671 "mcmc_tpn" 
"Rfast::mahala" "dmvnorm" 2#671 "mcmc_tpn" 
"determinant.matrix" "determinant" "det" "dmvnorm" 2#671 "mcmc_tpn" 
"Rfast::mahala" "dmvnorm" 2#671 "mcmc_tpn" 
"determinant.matrix" "determinant" "det" "dmvnorm" 2#670 "mcmc_tpn" 
"determinant.matrix" "determinant" "det" "dmvnorm" 2#671 "mcmc_tpn" 
"Rfast::mahala" "dmvnorm" 2#671 "mcmc_tpn" 
"Rfast::mahala" "dmvnorm" 2#671 "mcmc_tpn" 
"determinant.matrix" "determinant" "det" "dmvnorm" 2#671 "mcmc_tpn" 
2#676 "mcmc_tpn" 
"Rfast::mahala" "dmvnorm" 2#670 "mcmc_tpn" 
"Rfast::mahala" "dmvnorm" 2#671 "mcmc_tpn" 
2#675 "mcmc_tpn" 
"Rfast::mahala" "dmvnorm" 2#670 "mcmc_tpn" 
2#670 "Rfast::mahala" "dmvnorm" 2#670 "mcmc_tpn" 
"Rfast::mahala" "dmvnorm" 2#671 "mcmc_tpn" 
2#671 "Rfast::mahala" "dmvnorm" 2#671 "mcmc_tpn" 
"Rfast::mahala" "dmvnorm" 2#670 "mcmc_tpn" 
2#259 "mcmc_tpn" 
2#310 "as.vector" 2#310 "mcmc_tpn" 
"%*%" 2#345 "mcmc_tpn" 
2#480 "as.vector" 2#480 "mcmc_tpn" 
2#480 "as.vector" 2#480 "mcmc_tpn" 
"crossprod" 2#580 "mcmc_tpn" 
2#670 "Rfast::mahala" "dmvnorm" 2#670 "mcmc_tpn" 
"Rfast::mahala" "dmvnorm" 2#670 "mcmc_tpn" 
2#671 "Rfast::mahala" "dmvnorm" 2#671 "mcmc_tpn" 
"Rfast::mahala" "dmvnorm" 2#670 "mcmc_tpn" 
2#670 "Rfast::mahala" "dmvnorm" 2#670 "mcmc_tpn" 
2#670 "Rfast::mahala" "dmvnorm" 2#670 "mcmc_tpn" 
2#670 "Rfast::mahala" "dmvnorm" 2#670 "mcmc_tpn" 
"Rfast::mahala" "dmvnorm" 2#671 "mcmc_tpn" 
2#671 "Rfast::mahala" "dmvnorm" 2#671 "mcmc_tpn" 
2#671 "Rfast::mahala" "dmvnorm" 2#671 "mcmc_tpn" 
2#671 "Rfast::mahala" "dmvnorm" 2#671 "mcmc_tpn" 
"Rfast::mahala" "dmvnorm" 2#671 "mcmc_tpn" 
"Rfast::mahala" "dmvnorm" 2#671 "mcmc_tpn" 
2#671 "Rfast::mahala" "dmvnorm" 2#671 "mcmc_tpn" 
2#670 "Rfast::mahala" "dmvnorm" 2#670 "mcmc_tpn" 
2#670 "Rfast::mahala" "dmvnorm" 2#670 "mcmc_tpn" 
"Rfast::mahala" "dmvnorm" 2#671 "mcmc_tpn" 
2#671 "Rfast::mahala" "dmvnorm" 2#671 "mcmc_tpn" 
2#671 "Rfast::mahala" "dmvnorm" 2#671 "mcmc_tpn" 
"Rfast::mahala" "dmvnorm" 2#670 "mcmc_tpn" 
2#260 "mcmc_tpn" 
2#259 "mcmc_tpn" 
2#310 "as.vector" 2#310 "mcmc_tpn" 
"%*%" 2#345 "mcmc_tpn" 
2#480 "as.vector" 2#480 "mcmc_tpn" 
2#476 "as.vector" 2#476 "mcmc_tpn" 
"is.na" "all.equal.numeric" "all.equal" "isSymmetric.matrix" "isSymmetric" "dInvWishart" 2#593 "mcmc_tpn" 
2#670 "Rfast::mahala" "dmvnorm" 2#670 "mcmc_tpn" 
2#670 "Rfast::mahala" "dmvnorm" 2#670 "mcmc_tpn" 
"Rfast::mahala" "dmvnorm" 2#670 "mcmc_tpn" 
2#671 "Rfast::mahala" "dmvnorm" 2#671 "mcmc_tpn" 
"Rfast::mahala" "dmvnorm" 2#670 "mcmc_tpn" 
"Rfast::mahala" "dmvnorm" 2#670 "mcmc_tpn" 
"Rfast::mahala" "dmvnorm" 2#671 "mcmc_tpn" 
"Rfast::mahala" "dmvnorm" 2#671 "mcmc_tpn" 
"Rfast::mahala" "dmvnorm" 2#670 "mcmc_tpn" 
"Rfast::mahala" "dmvnorm" 2#670 "mcmc_tpn" 
2#670 "Rfast::mahala" "dmvnorm" 2#670 "mcmc_tpn" 
2#670 "Rfast::mahala" "dmvnorm" 2#670 "mcmc_tpn" 
2#671 "Rfast::mahala" "dmvnorm" 2#671 "mcmc_tpn" 
2#671 "Rfast::mahala" "dmvnorm" 2#671 "mcmc_tpn" 
"Rfast::mahala" "dmvnorm" 2#670 "mcmc_tpn" 
"Rfast::mahala" "dmvnorm" 2#670 "mcmc_tpn" 
"Rfast::mahala" "dmvnorm" 2#670 "mcmc_tpn" 
2#670 "Rfast::mahala" "dmvnorm" 2#670 "mcmc_tpn" 
"Rfast::mahala" "dmvnorm" 2#671 "mcmc_tpn" 
2#670 "Rfast::mahala" "dmvnorm" 2#670 "mcmc_tpn" 
2#259 "mcmc_tpn" 
2#259 "mcmc_tpn" 
2#310 "as.vector" 2#310 "mcmc_tpn" 
2#346 "t" 2#346 "mcmc_tpn" 
2#496 "pmax" 2#496 "mcmc_tpn" 
2#476 "as.vector" 2#476 "mcmc_tpn" 
"as.vector" "all.equal.numeric" "all.equal" "isSymmetric.matrix" "isSymmetric" "dInvWishart" 2#594 "mcmc_tpn" 
2#671 "Rfast::mahala" "dmvnorm" 2#671 "mcmc_tpn" 
2#670 "Rfast::mahala" "dmvnorm" 2#670 "mcmc_tpn" 
"Rfast::mahala" "dmvnorm" 2#671 "mcmc_tpn" 
"Rfast::mahala" "dmvnorm" 2#670 "mcmc_tpn" 
"Rfast::mahala" "dmvnorm" 2#671 "mcmc_tpn" 
"Rfast::mahala" "dmvnorm" 2#670 "mcmc_tpn" 
"Rfast::mahala" "dmvnorm" 2#670 "mcmc_tpn" 
2#670 "Rfast::mahala" "dmvnorm" 2#670 "mcmc_tpn" 
2#671 "Rfast::mahala" "dmvnorm" 2#671 "mcmc_tpn" 
"Rfast::mahala" "dmvnorm" 2#670 "mcmc_tpn" 
"Rfast::mahala" "dmvnorm" 2#670 "mcmc_tpn" 
2#670 "Rfast::mahala" "dmvnorm" 2#670 "mcmc_tpn" 
2#670 "Rfast::mahala" "dmvnorm" 2#670 "mcmc_tpn" 
2#670 "Rfast::mahala" "dmvnorm" 2#670 "mcmc_tpn" 
2#670 "Rfast::mahala" "dmvnorm" 2#670 "mcmc_tpn" 
2#670 "Rfast::mahala" "dmvnorm" 2#670 "mcmc_tpn" 
2#670 "Rfast::mahala" "dmvnorm" 2#670 "mcmc_tpn" 
"Rfast::mahala" "dmvnorm" 2#671 "mcmc_tpn" 
2#675 "mcmc_tpn" 
2#675 "mcmc_tpn" 
2#675 "mcmc_tpn" 
2#675 "mcmc_tpn" 
"Rfast::mahala" "dmvnorm" 2#670 "mcmc_tpn" 
2#251 "mcmc_tpn" 
2#259 "mcmc_tpn" 
2#310 "as.vector" 2#310 "mcmc_tpn" 
"%*%" 2#346 "mcmc_tpn" 
2#476 "as.vector" 2#476 "mcmc_tpn" 
2#476 "as.vector" 2#476 "mcmc_tpn" 
2#581 "mcmc_tpn" 
"Rfast::mahala" "dmvnorm" 2#670 "mcmc_tpn" 
2#670 "Rfast::mahala" "dmvnorm" 2#670 "mcmc_tpn" 
2#671 "Rfast::mahala" "dmvnorm" 2#671 "mcmc_tpn" 
2#675 "mcmc_tpn" 
2#671 "Rfast::mahala" "dmvnorm" 2#671 "mcmc_tpn" 
"Rfast::mahala" "dmvnorm" 2#671 "mcmc_tpn" 
"determinant.matrix" "determinant" "det" "dmvnorm" 2#670 "mcmc_tpn" 
2#670 "Rfast::mahala" "dmvnorm" 2#670 "mcmc_tpn" 
"Rfast::mahala" "dmvnorm" 2#671 "mcmc_tpn" 
"Rfast::mahala" "dmvnorm" 2#670 "mcmc_tpn" 
2#670 "Rfast::mahala" "dmvnorm" 2#670 "mcmc_tpn" 
2#670 "Rfast::mahala" "dmvnorm" 2#670 "mcmc_tpn" 
"determinant.matrix" "determinant" "det" "dmvnorm" 2#670 "mcmc_tpn" 
2#671 "Rfast::mahala" "dmvnorm" 2#671 "mcmc_tpn" 
2#671 "Rfast::mahala" "dmvnorm" 2#671 "mcmc_tpn" 
"Rfast::mahala" "dmvnorm" 2#671 "mcmc_tpn" 
"Rfast::mahala" "dmvnorm" 2#671 "mcmc_tpn" 
"determinant.matrix" "determinant" "det" "dmvnorm" 2#670 "mcmc_tpn" 
"Rfast::mahala" "dmvnorm" 2#671 "mcmc_tpn" 
2#671 "Rfast::mahala" "dmvnorm" 2#671 "mcmc_tpn" 
2#259 "mcmc_tpn" 
2#259 "mcmc_tpn" 
2#310 "as.vector" 2#310 "mcmc_tpn" 
"t.default" "t" 2#345 "mcmc_tpn" 
2#476 "as.vector" 2#476 "mcmc_tpn" 
2#499 "mcmc_tpn" 
"chol2inv" "diag" "dWishart" 2#599 "mcmc_tpn" 
"Rfast::mahala" "dmvnorm" 2#670 "mcmc_tpn" 
2#670 "Rfast::mahala" "dmvnorm" 2#670 "mcmc_tpn" 
"Rfast::mahala" "dmvnorm" 2#670 "mcmc_tpn" 
2#670 "Rfast::mahala" "dmvnorm" 2#670 "mcmc_tpn" 
"Rfast::mahala" "dmvnorm" 2#671 "mcmc_tpn" 
"Rfast::mahala" "dmvnorm" 2#671 "mcmc_tpn" 
2#671 "Rfast::mahala" "dmvnorm" 2#671 "mcmc_tpn" 
2#670 "Rfast::mahala" "dmvnorm" 2#670 "mcmc_tpn" 
2#670 "Rfast::mahala" "dmvnorm" 2#670 "mcmc_tpn" 
"Rfast::mahala" "dmvnorm" 2#671 "mcmc_tpn" 
"Rfast::mahala" "dmvnorm" 2#671 "mcmc_tpn" 
2#670 "Rfast::mahala" "dmvnorm" 2#670 "mcmc_tpn" 
"determinant.matrix" "determinant" "det" "dmvnorm" 2#671 "mcmc_tpn" 
"Rfast::mahala" "dmvnorm" 2#671 "mcmc_tpn" 
"Rfast::mahala" "dmvnorm" 2#670 "mcmc_tpn" 
2#671 "Rfast::mahala" "dmvnorm" 2#671 "mcmc_tpn" 
2#671 "Rfast::mahala" "dmvnorm" 2#671 "mcmc_tpn" 
2#670 "Rfast::mahala" "dmvnorm" 2#670 "mcmc_tpn" 
"Rfast::mahala" "dmvnorm" 2#671 "mcmc_tpn" 
"matrix" "Rfast::mahala" "dmvnorm" 2#671 "mcmc_tpn" 
2#260 "mcmc_tpn" 
2#259 "mcmc_tpn" 
"matrix" 2#331 "mcmc_tpn" 
2#378 "mcmc_tpn" 
2#476 "as.vector" 2#476 "mcmc_tpn" 
"array" "aperm" "sweep" 2#577 "mcmc_tpn" 
2#671 "Rfast::mahala" "dmvnorm" 2#671 "mcmc_tpn" 
2#671 "Rfast::mahala" "dmvnorm" 2#671 "mcmc_tpn" 
2#671 "Rfast::mahala" "dmvnorm" 2#671 "mcmc_tpn" 
2#671 "Rfast::mahala" "dmvnorm" 2#671 "mcmc_tpn" 
2#670 "Rfast::mahala" "dmvnorm" 2#670 "mcmc_tpn" 
"Rfast::mahala" "dmvnorm" 2#671 "mcmc_tpn" 
"Rfast::mahala" "dmvnorm" 2#670 "mcmc_tpn" 
"Rfast::mahala" "dmvnorm" 2#670 "mcmc_tpn" 
"Rfast::mahala" "dmvnorm" 2#671 "mcmc_tpn" 
2#670 "Rfast::mahala" "dmvnorm" 2#670 "mcmc_tpn" 
2#671 "Rfast::mahala" "dmvnorm" 2#671 "mcmc_tpn" 
2#671 "Rfast::mahala" "dmvnorm" 2#671 "mcmc_tpn" 
2#675 "mcmc_tpn" 
"Rfast::mahala" "dmvnorm" 2#670 "mcmc_tpn" 
2#671 "Rfast::mahala" "dmvnorm" 2#671 "mcmc_tpn" 
2#671 "Rfast::mahala" "dmvnorm" 2#671 "mcmc_tpn" 
"Rfast::mahala" "dmvnorm" 2#671 "mcmc_tpn" 
"Rfast::mahala" "dmvnorm" 2#670 "mcmc_tpn" 
"Rfast::mahala" "dmvnorm" 2#671 "mcmc_tpn" 
"Rfast::mahala" "dmvnorm" 2#671 "mcmc_tpn" 
"Rfast::mahala" "dmvnorm" 2#670 "mcmc_tpn" 
2#260 "mcmc_tpn" 
2#260 "mcmc_tpn" 
2#310 "as.vector" 2#310 "mcmc_tpn" 
2#345 "t" 2#345 "mcmc_tpn" 
2#476 "as.vector" 2#476 "mcmc_tpn" 
2#503 "mcmc_tpn" 
"chol2inv" "diag" "dWishart" 2#598 "mcmc_tpn" 
2#670 "Rfast::mahala" "dmvnorm" 2#670 "mcmc_tpn" 
2#670 "Rfast::mahala" "dmvnorm" 2#670 "mcmc_tpn" 
2#675 "mcmc_tpn" 
2#670 "Rfast::mahala" "dmvnorm" 2#670 "mcmc_tpn" 
"Rfast::mahala" "dmvnorm" 2#670 "mcmc_tpn" 
"Rfast::mahala" "dmvnorm" 2#671 "mcmc_tpn" 
"Rfast::mahala" "dmvnorm" 2#671 "mcmc_tpn" 
"Rfast::mahala" "dmvnorm" 2#671 "mcmc_tpn" 
"Rfast::mahala" "dmvnorm" 2#671 "mcmc_tpn" 
"Rfast::mahala" "dmvnorm" 2#671 "mcmc_tpn" 
"Rfast::mahala" "dmvnorm" 2#670 "mcmc_tpn" 
"Rfast::mahala" "dmvnorm" 2#670 "mcmc_tpn" 
"Rfast::mahala" "dmvnorm" 2#670 "mcmc_tpn" 
"Rfast::mahala" "dmvnorm" 2#670 "mcmc_tpn" 
"Rfast::mahala" "dmvnorm" 2#670 "mcmc_tpn" 
"Rfast::mahala" "dmvnorm" 2#670 "mcmc_tpn" 
2#671 "Rfast::mahala" "dmvnorm" 2#671 "mcmc_tpn" 
2#671 "Rfast::mahala" "dmvnorm" 2#671 "mcmc_tpn" 
2#671 "Rfast::mahala" "dmvnorm" 2#671 "mcmc_tpn" 
"matrix" "Rfast::mahala" "dmvnorm" 2#670 "mcmc_tpn" 
2#670 "Rfast::mahala" "dmvnorm" 2#670 "mcmc_tpn" 
2#670 "Rfast::mahala" "dmvnorm" 2#670 "mcmc_tpn" 
2#259 "mcmc_tpn" 
2#259 "mcmc_tpn" 
2#310 "as.vector" 2#310 "mcmc_tpn" 
2#378 "mcmc_tpn" 
2#476 "as.vector" 2#476 "mcmc_tpn" 
"print.default" "print" 2#544 "mcmc_tpn" 
2#657 "mcmc_tpn" 
"Rfast::mahala" "dmvnorm" 2#671 "mcmc_tpn" 
"Rfast::mahala" "dmvnorm" 2#671 "mcmc_tpn" 
"matrix" "Rfast::mahala" "dmvnorm" 2#670 "mcmc_tpn" 
"Rfast::mahala" "dmvnorm" 2#670 "mcmc_tpn" 
"matrix" "Rfast::mahala" "dmvnorm" 2#670 "mcmc_tpn" 
2#671 "Rfast::mahala" "dmvnorm" 2#671 "mcmc_tpn" 
"Rfast::mahala" "dmvnorm" 2#671 "mcmc_tpn" 
"Rfast::mahala" "dmvnorm" 2#670 "mcmc_tpn" 
2#670 "Rfast::mahala" "dmvnorm" 2#670 "mcmc_tpn" 
"Rfast::mahala" "dmvnorm" 2#671 "mcmc_tpn" 
"Rfast::mahala" "dmvnorm" 2#671 "mcmc_tpn" 
"Rfast::mahala" "dmvnorm" 2#671 "mcmc_tpn" 
"Rfast::mahala" "dmvnorm" 2#670 "mcmc_tpn" 
"Rfast::mahala" "dmvnorm" 2#670 "mcmc_tpn" 
2#671 "Rfast::mahala" "dmvnorm" 2#671 "mcmc_tpn" 
"Rfast::mahala" "dmvnorm" 2#670 "mcmc_tpn" 
"Rfast::mahala" "dmvnorm" 2#670 "mcmc_tpn" 
"Rfast::mahala" "dmvnorm" 2#670 "mcmc_tpn" 
2#670 "Rfast::mahala" "dmvnorm" 2#670 "mcmc_tpn" 
"Rfast::mahala" "dmvnorm" 2#671 "mcmc_tpn" 
2#259 "mcmc_tpn" 
2#310 "as.vector" 2#310 "mcmc_tpn" 
2#346 "t" 2#346 "mcmc_tpn" 
2#476 "as.vector" 2#476 "mcmc_tpn" 
2#480 "as.vector" 2#480 "mcmc_tpn" 
"crossprod" 2#580 "mcmc_tpn" 
2#670 "Rfast::mahala" "dmvnorm" 2#670 "mcmc_tpn" 
"Rfast::mahala" "dmvnorm" 2#671 "mcmc_tpn" 
2#671 "Rfast::mahala" "dmvnorm" 2#671 "mcmc_tpn" 
"Rfast::mahala" "dmvnorm" 2#671 "mcmc_tpn" 
"Rfast::mahala" "dmvnorm" 2#670 "mcmc_tpn" 
2#670 "Rfast::mahala" "dmvnorm" 2#670 "mcmc_tpn" 
"Rfast::mahala" "dmvnorm" 2#670 "mcmc_tpn" 
2#670 "Rfast::mahala" "dmvnorm" 2#670 "mcmc_tpn" 
"Rfast::mahala" "dmvnorm" 2#671 "mcmc_tpn" 
"Rfast::mahala" "dmvnorm" 2#671 "mcmc_tpn" 
"Rfast::mahala" "dmvnorm" 2#670 "mcmc_tpn" 
2#670 "Rfast::mahala" "dmvnorm" 2#670 "mcmc_tpn" 
"Rfast::mahala" "dmvnorm" 2#670 "mcmc_tpn" 
"Rfast::mahala" "dmvnorm" 2#670 "mcmc_tpn" 
"Rfast::mahala" "dmvnorm" 2#671 "mcmc_tpn" 
"Rfast::mahala" "dmvnorm" 2#670 "mcmc_tpn" 
2#671 "Rfast::mahala" "dmvnorm" 2#671 "mcmc_tpn" 
"Rfast::mahala" "dmvnorm" 2#671 "mcmc_tpn" 
2#670 "Rfast::mahala" "dmvnorm" 2#670 "mcmc_tpn" 
2#670 "Rfast::mahala" "dmvnorm" 2#670 "mcmc_tpn" 
2#259 "mcmc_tpn" 
2#259 "mcmc_tpn" 
2#310 "as.vector" 2#310 "mcmc_tpn" 
"%*%" 2#345 "mcmc_tpn" 
2#476 "as.vector" 2#476 "mcmc_tpn" 
2#476 "as.vector" 2#476 "mcmc_tpn" 
"%*%" "diag" "dInvWishart" 2#593 "mcmc_tpn" 
"Rfast::mahala" "dmvnorm" 2#670 "mcmc_tpn" 
"Rfast::mahala" "dmvnorm" 2#671 "mcmc_tpn" 
"determinant.matrix" "determinant" "det" "dmvnorm" 2#671 "mcmc_tpn" 
"matrix" "Rfast::mahala" "dmvnorm" 2#671 "mcmc_tpn" 
2#671 "Rfast::mahala" "dmvnorm" 2#671 "mcmc_tpn" 
2#671 "Rfast::mahala" "dmvnorm" 2#671 "mcmc_tpn" 
"Rfast::mahala" "dmvnorm" 2#670 "mcmc_tpn" 
"Rfast::mahala" "dmvnorm" 2#671 "mcmc_tpn" 
"determinant.matrix" "determinant" "det" "dmvnorm" 2#670 "mcmc_tpn" 
"Rfast::mahala" "dmvnorm" 2#670 "mcmc_tpn" 
"Rfast::mahala" "dmvnorm" 2#670 "mcmc_tpn" 
"Rfast::mahala" "dmvnorm" 2#671 "mcmc_tpn" 
"Rfast::mahala" "dmvnorm" 2#670 "mcmc_tpn" 
"Rfast::mahala" "dmvnorm" 2#671 "mcmc_tpn" 
2#670 "Rfast::mahala" "dmvnorm" 2#670 "mcmc_tpn" 
2#670 "Rfast::mahala" "dmvnorm" 2#670 "mcmc_tpn" 
2#676 "mcmc_tpn" 
2#671 "Rfast::mahala" "dmvnorm" 2#671 "mcmc_tpn" 
"Rfast::mahala" "dmvnorm" 2#670 "mcmc_tpn" 
"Rfast::mahala" "dmvnorm" 2#671 "mcmc_tpn" 
2#280 "mcmc_tpn" 
2#259 "mcmc_tpn" 
2#320 "mcmc_tpn" 
"stopifnot" "rtruncnorm" 2#319 "mcmc_tpn" 
"stopifnot" "rtruncnorm" 2#319 "mcmc_tpn" 
"stopifnot" "rtruncnorm" 2#319 "mcmc_tpn" 
2#345 "t" 2#345 "mcmc_tpn" 
2#476 "as.vector" 2#476 "mcmc_tpn" 
2#476 "as.vector" 2#476 "mcmc_tpn" 
"t.default" "t" "mode" "attr.all.equal" "all.equal.numeric" "all.equal" "isSymmetric.matrix" "isSymmetric" "dInvWishart" 2#593 "mcmc_tpn" 
"Rfast::mahala" "dmvnorm" 2#670 "mcmc_tpn" 
"Rfast::mahala" "dmvnorm" 2#670 "mcmc_tpn" 
"Rfast::mahala" "dmvnorm" 2#670 "mcmc_tpn" 
"determinant.matrix" "determinant" "det" "dmvnorm" 2#671 "mcmc_tpn" 
"Rfast::mahala" "dmvnorm" 2#670 "mcmc_tpn" 
"Rfast::mahala" "dmvnorm" 2#670 "mcmc_tpn" 
"Rfast::mahala" "dmvnorm" 2#670 "mcmc_tpn" 
2#670 "Rfast::mahala" "dmvnorm" 2#670 "mcmc_tpn" 
"Rfast::mahala" "dmvnorm" 2#670 "mcmc_tpn" 
2#670 "Rfast::mahala" "dmvnorm" 2#670 "mcmc_tpn" 
"Rfast::mahala" "dmvnorm" 2#670 "mcmc_tpn" 
"Rfast::mahala" "dmvnorm" 2#670 "mcmc_tpn" 
"Rfast::mahala" "dmvnorm" 2#670 "mcmc_tpn" 
2#671 "Rfast::mahala" "dmvnorm" 2#671 "mcmc_tpn" 
"Rfast::mahala" "dmvnorm" 2#671 "mcmc_tpn" 
2#671 "Rfast::mahala" "dmvnorm" 2#671 "mcmc_tpn" 
"Rfast::mahala" "dmvnorm" 2#670 "mcmc_tpn" 
"Rfast::mahala" "dmvnorm" 2#670 "mcmc_tpn" 
"Rfast::mahala" "dmvnorm" 2#670 "mcmc_tpn" 
"Rfast::mahala" "dmvnorm" 2#670 "mcmc_tpn" 
2#259 "mcmc_tpn" 
2#310 "as.vector" 2#310 "mcmc_tpn" 
"t.default" "t" 2#346 "mcmc_tpn" 
2#476 "as.vector" 2#476 "mcmc_tpn" 
2#476 "as.vector" 2#476 "mcmc_tpn" 
"crossprod" 2#580 "mcmc_tpn" 
2#671 "Rfast::mahala" "dmvnorm" 2#671 "mcmc_tpn" 
"Rfast::mahala" "dmvnorm" 2#671 "mcmc_tpn" 
2#671 "Rfast::mahala" "dmvnorm" 2#671 "mcmc_tpn" 
"Rfast::mahala" "dmvnorm" 2#670 "mcmc_tpn" 
2#671 "Rfast::mahala" "dmvnorm" 2#671 "mcmc_tpn" 
"Rfast::mahala" "dmvnorm" 2#671 "mcmc_tpn" 
2#671 "Rfast::mahala" "dmvnorm" 2#671 "mcmc_tpn" 
2#671 "Rfast::mahala" "dmvnorm" 2#671 "mcmc_tpn" 
"Rfast::mahala" "dmvnorm" 2#670 "mcmc_tpn" 
2#670 "Rfast::mahala" "dmvnorm" 2#670 "mcmc_tpn" 
"Rfast::mahala" "dmvnorm" 2#670 "mcmc_tpn" 
"Rfast::mahala" "dmvnorm" 2#671 "mcmc_tpn" 
2#671 "Rfast::mahala" "dmvnorm" 2#671 "mcmc_tpn" 
2#670 "Rfast::mahala" "dmvnorm" 2#670 "mcmc_tpn" 
2#670 "Rfast::mahala" "dmvnorm" 2#670 "mcmc_tpn" 
2#671 "Rfast::mahala" "dmvnorm" 2#671 "mcmc_tpn" 
2#670 "Rfast::mahala" "dmvnorm" 2#670 "mcmc_tpn" 
"Rfast::mahala" "dmvnorm" 2#670 "mcmc_tpn" 
"Rfast::mahala" "dmvnorm" 2#670 "mcmc_tpn" 
"Rfast::mahala" "dmvnorm" 2#671 "mcmc_tpn" 
2#260 "mcmc_tpn" 
2#259 "mcmc_tpn" 
2#310 "as.vector" 2#310 "mcmc_tpn" 
2#345 "t" 2#345 "mcmc_tpn" 
2#488 "mcmc_tpn" 
2#474 "mcmc_tpn" 
"all.equal.numeric" "all.equal" "isSymmetric.matrix" "isSymmetric" "dInvWishart" 2#594 "mcmc_tpn" 
2#670 "Rfast::mahala" "dmvnorm" 2#670 "mcmc_tpn" 
2#670 "Rfast::mahala" "dmvnorm" 2#670 "mcmc_tpn" 
2#670 "Rfast::mahala" "dmvnorm" 2#670 "mcmc_tpn" 
"Rfast::mahala" "dmvnorm" 2#671 "mcmc_tpn" 
2#670 "Rfast::mahala" "dmvnorm" 2#670 "mcmc_tpn" 
4#6 "logsumexp2" 2#685 "mcmc_tpn" 
2#670 "Rfast::mahala" "dmvnorm" 2#670 "mcmc_tpn" 
"matrix" "Rfast::mahala" "dmvnorm" 2#671 "mcmc_tpn" 
"Rfast::mahala" "dmvnorm" 2#671 "mcmc_tpn" 
2#670 "Rfast::mahala" "dmvnorm" 2#670 "mcmc_tpn" 
2#670 "Rfast::mahala" "dmvnorm" 2#670 "mcmc_tpn" 
2#670 "Rfast::mahala" "dmvnorm" 2#670 "mcmc_tpn" 
"determinant.matrix" "determinant" "det" "dmvnorm" 2#670 "mcmc_tpn" 
"Rfast::mahala" "dmvnorm" 2#670 "mcmc_tpn" 
"Rfast::mahala" "dmvnorm" 2#671 "mcmc_tpn" 
"Rfast::mahala" "dmvnorm" 2#671 "mcmc_tpn" 
2#671 "Rfast::mahala" "dmvnorm" 2#671 "mcmc_tpn" 
"Rfast::mahala" "dmvnorm" 2#671 "mcmc_tpn" 
"Rfast::mahala" "dmvnorm" 2#671 "mcmc_tpn" 
"Rfast::mahala" "dmvnorm" 2#671 "mcmc_tpn" 
2#259 "mcmc_tpn" 
2#259 "mcmc_tpn" 
2#310 "as.vector" 2#310 "mcmc_tpn" 
"%*%" 2#346 "mcmc_tpn" 
2#480 "as.vector" 2#480 "mcmc_tpn" 
"runif" 2#491 "mcmc_tpn" 
"isSymmetric" "dWishart" 2#598 "mcmc_tpn" 
2#671 "Rfast::mahala" "dmvnorm" 2#671 "mcmc_tpn" 
2#670 "Rfast::mahala" "dmvnorm" 2#670 "mcmc_tpn" 
"Rfast::mahala" "dmvnorm" 2#671 "mcmc_tpn" 
2#671 "Rfast::mahala" "dmvnorm" 2#671 "mcmc_tpn" 
"Rfast::mahala" "dmvnorm" 2#671 "mcmc_tpn" 
"Rfast::mahala" "dmvnorm" 2#671 "mcmc_tpn" 
2#670 "Rfast::mahala" "dmvnorm" 2#670 "mcmc_tpn" 
"Rfast::mahala" "dmvnorm" 2#670 "mcmc_tpn" 
"Rfast::mahala" "dmvnorm" 2#670 "mcmc_tpn" 
2#670 "Rfast::mahala" "dmvnorm" 2#670 "mcmc_tpn" 
"dmvnorm" 2#670 "mcmc_tpn" 
"dmvnorm" 2#670 "mcmc_tpn" 
"dmvnorm" 2#670 "mcmc_tpn" 
"Rfast::mahala" "dmvnorm" 2#671 "mcmc_tpn" 
"Rfast::mahala" "dmvnorm" 2#670 "mcmc_tpn" 
2#675 "mcmc_tpn" 
"Rfast::mahala" "dmvnorm" 2#670 "mcmc_tpn" 
"determinant.matrix" "determinant" "det" "dmvnorm" 2#671 "mcmc_tpn" 
2#670 "Rfast::mahala" "dmvnorm" 2#670 "mcmc_tpn" 
"determinant.matrix" "determinant" "det" "dmvnorm" 2#671 "mcmc_tpn" 
"determinant.matrix" "determinant" "det" "dmvnorm" 2#670 "mcmc_tpn" 
"Rfast::mahala" "dmvnorm" 2#671 "mcmc_tpn" 
2#260 "mcmc_tpn" 
2#260 "mcmc_tpn" 
2#310 "as.vector" 2#310 "mcmc_tpn" 
2#378 "mcmc_tpn" 
2#480 "as.vector" 2#480 "mcmc_tpn" 
"print.default" "print" 2#544 "mcmc_tpn" 
2#670 "Rfast::mahala" "dmvnorm" 2#670 "mcmc_tpn" 
"determinant.matrix" "determinant" "det" "dmvnorm" 2#671 "mcmc_tpn" 
2#670 "Rfast::mahala" "dmvnorm" 2#670 "mcmc_tpn" 
2#670 "Rfast::mahala" "dmvnorm" 2#670 "mcmc_tpn" 
"Rfast::mahala" "dmvnorm" 2#670 "mcmc_tpn" 
"Rfast::mahala" "dmvnorm" 2#670 "mcmc_tpn" 
2#670 "Rfast::mahala" "dmvnorm" 2#670 "mcmc_tpn" 
2#670 "Rfast::mahala" "dmvnorm" 2#670 "mcmc_tpn" 
2#670 "Rfast::mahala" "dmvnorm" 2#670 "mcmc_tpn" 
"Rfast::mahala" "dmvnorm" 2#671 "mcmc_tpn" 
"Rfast::mahala" "dmvnorm" 2#670 "mcmc_tpn" 
"Rfast::mahala" "dmvnorm" 2#670 "mcmc_tpn" 
2#670 "Rfast::mahala" "dmvnorm" 2#670 "mcmc_tpn" 
"Rfast::mahala" "dmvnorm" 2#670 "mcmc_tpn" 
2#670 "Rfast::mahala" "dmvnorm" 2#670 "mcmc_tpn" 
"matrix" "Rfast::mahala" "dmvnorm" 2#670 "mcmc_tpn" 
"Rfast::mahala" "dmvnorm" 2#670 "mcmc_tpn" 
2#670 "Rfast::mahala" "dmvnorm" 2#670 "mcmc_tpn" 
2#670 "Rfast::mahala" "dmvnorm" 2#670 "mcmc_tpn" 
2#671 "Rfast::mahala" "dmvnorm" 2#671 "mcmc_tpn" 
2#259 "mcmc_tpn" 
2#260 "mcmc_tpn" 
2#310 "as.vector" 2#310 "mcmc_tpn" 
"t.default" "t" 2#346 "mcmc_tpn" 
2#480 "as.vector" 2#480 "mcmc_tpn" 
2#480 "as.vector" 2#480 "mcmc_tpn" 
"all.equal.numeric" "all.equal" "isSymmetric.matrix" "isSymmetric" "dInvWishart" 2#594 "mcmc_tpn" 
2#670 "Rfast::mahala" "dmvnorm" 2#670 "mcmc_tpn" 
"Rfast::mahala" "dmvnorm" 2#670 "mcmc_tpn" 
"Rfast::mahala" "dmvnorm" 2#670 "mcmc_tpn" 
2#671 "Rfast::mahala" "dmvnorm" 2#671 "mcmc_tpn" 
2#671 "Rfast::mahala" "dmvnorm" 2#671 "mcmc_tpn" 
2#671 "Rfast::mahala" "dmvnorm" 2#671 "mcmc_tpn" 
"Rfast::mahala" "dmvnorm" 2#670 "mcmc_tpn" 
2#671 "Rfast::mahala" "dmvnorm" 2#671 "mcmc_tpn" 
"Rfast::mahala" "dmvnorm" 2#670 "mcmc_tpn" 
"Rfast::mahala" "dmvnorm" 2#670 "mcmc_tpn" 
2#670 "Rfast::mahala" "dmvnorm" 2#670 "mcmc_tpn" 
2#670 "Rfast::mahala" "dmvnorm" 2#670 "mcmc_tpn" 
2#670 "Rfast::mahala" "dmvnorm" 2#670 "mcmc_tpn" 
"Rfast::mahala" "dmvnorm" 2#670 "mcmc_tpn" 
"Rfast::mahala" "dmvnorm" 2#670 "mcmc_tpn" 
"Rfast::mahala" "dmvnorm" 2#671 "mcmc_tpn" 
"Rfast::mahala" "dmvnorm" 2#671 "mcmc_tpn" 
2#671 "Rfast::mahala" "dmvnorm" 2#671 "mcmc_tpn" 
"Rfast::mahala" "dmvnorm" 2#670 "mcmc_tpn" 
2#670 "Rfast::mahala" "dmvnorm" 2#670 "mcmc_tpn" 
"dnorm" 2#262 "mcmc_tpn" 
2#259 "mcmc_tpn" 
2#310 "as.vector" 2#310 "mcmc_tpn" 
"t.default" "t" 2#346 "mcmc_tpn" 
2#480 "as.vector" 2#480 "mcmc_tpn" 
2#480 "as.vector" 2#480 "mcmc_tpn" 
"%*%" "diag" "dWishart" 2#598 "mcmc_tpn" 
2#670 "Rfast::mahala" "dmvnorm" 2#670 "mcmc_tpn" 
2#671 "Rfast::mahala" "dmvnorm" 2#671 "mcmc_tpn" 
"Rfast::mahala" "dmvnorm" 2#670 "mcmc_tpn" 
"Rfast::mahala" "dmvnorm" 2#670 "mcmc_tpn" 
"Rfast::mahala" "dmvnorm" 2#671 "mcmc_tpn" 
2#670 "Rfast::mahala" "dmvnorm" 2#670 "mcmc_tpn" 
2#671 "Rfast::mahala" "dmvnorm" 2#671 "mcmc_tpn" 
"determinant.matrix" "determinant" "det" "dmvnorm" 2#671 "mcmc_tpn" 
"Rfast::mahala" "dmvnorm" 2#670 "mcmc_tpn" 
"Rfast::mahala" "dmvnorm" 2#670 "mcmc_tpn" 
"Rfast::mahala" "dmvnorm" 2#671 "mcmc_tpn" 
2#671 "Rfast::mahala" "dmvnorm" 2#671 "mcmc_tpn" 
2#670 "Rfast::mahala" "dmvnorm" 2#670 "mcmc_tpn" 
2#670 "Rfast::mahala" "dmvnorm" 2#670 "mcmc_tpn" 
2#670 "Rfast::mahala" "dmvnorm" 2#670 "mcmc_tpn" 
"Rfast::mahala" "dmvnorm" 2#671 "mcmc_tpn" 
2#671 "Rfast::mahala" "dmvnorm" 2#671 "mcmc_tpn" 
"Rfast::mahala" "dmvnorm" 2#670 "mcmc_tpn" 
2#670 "Rfast::mahala" "dmvnorm" 2#670 "mcmc_tpn" 
"Rfast::mahala" "dmvnorm" 2#670 "mcmc_tpn" 
2#260 "mcmc_tpn" 
2#259 "mcmc_tpn" 
2#310 "as.vector" 2#310 "mcmc_tpn" 
2#345 "t" 2#345 "mcmc_tpn" 
2#496 "pmax" 2#496 "mcmc_tpn" 
2#496 "pmax" 2#496 "mcmc_tpn" 
2#496 "pmax" 2#496 "mcmc_tpn" 
2#496 "pmax" 2#496 "mcmc_tpn" 
2#476 "as.vector" 2#476 "mcmc_tpn" 
"stopifnot" "all.equal.numeric" "all.equal" "isSymmetric.matrix" "isSymmetric" "dInvWishart" 2#594 "mcmc_tpn" 
"Rfast::mahala" "dmvnorm" 2#670 "mcmc_tpn" 
"Rfast::mahala" "dmvnorm" 2#671 "mcmc_tpn" 
"Rfast::mahala" "dmvnorm" 2#670 "mcmc_tpn" 
2#670 "Rfast::mahala" "dmvnorm" 2#670 "mcmc_tpn" 
"Rfast::mahala" "dmvnorm" 2#670 "mcmc_tpn" 
"Rfast::mahala" "dmvnorm" 2#670 "mcmc_tpn" 
2#671 "Rfast::mahala" "dmvnorm" 2#671 "mcmc_tpn" 
2#671 "Rfast::mahala" "dmvnorm" 2#671 "mcmc_tpn" 
"determinant.matrix" "determinant" "det" "dmvnorm" 2#671 "mcmc_tpn" 
"Rfast::mahala" "dmvnorm" 2#671 "mcmc_tpn" 
"Rfast::mahala" "dmvnorm" 2#671 "mcmc_tpn" 
"Rfast::mahala" "dmvnorm" 2#670 "mcmc_tpn" 
"Rfast::mahala" "dmvnorm" 2#670 "mcmc_tpn" 
"Rfast::mahala" "dmvnorm" 2#670 "mcmc_tpn" 
2#670 "Rfast::mahala" "dmvnorm" 2#670 "mcmc_tpn" 
"Rfast::mahala" "dmvnorm" 2#671 "mcmc_tpn" 
"Rfast::mahala" "dmvnorm" 2#670 "mcmc_tpn" 
2#671 "Rfast::mahala" "dmvnorm" 2#671 "mcmc_tpn" 
2#671 "Rfast::mahala" "dmvnorm" 2#671 "mcmc_tpn" 
2#259 "mcmc_tpn" 
2#260 "mcmc_tpn" 
2#310 "as.vector" 2#310 "mcmc_tpn" 
2#378 "mcmc_tpn" 
2#476 "as.vector" 2#476 "mcmc_tpn" 
"t.default" "t" 2#542 "mcmc_tpn" 
2#671 "Rfast::mahala" "dmvnorm" 2#671 "mcmc_tpn" 
2#670 "Rfast::mahala" "dmvnorm" 2#670 "mcmc_tpn" 
"Rfast::mahala" "dmvnorm" 2#671 "mcmc_tpn" 
2#671 "Rfast::mahala" "dmvnorm" 2#671 "mcmc_tpn" 
"Rfast::mahala" "dmvnorm" 2#670 "mcmc_tpn" 
"Rfast::mahala" "dmvnorm" 2#670 "mcmc_tpn" 
"Rfast::mahala" "dmvnorm" 2#671 "mcmc_tpn" 
"Rfast::mahala" "dmvnorm" 2#671 "mcmc_tpn" 
"Rfast::mahala" "dmvnorm" 2#670 "mcmc_tpn" 
"Rfast::mahala" "dmvnorm" 2#671 "mcmc_tpn" 
"Rfast::mahala" "dmvnorm" 2#671 "mcmc_tpn" 
"Rfast::mahala" "dmvnorm" 2#671 "mcmc_tpn" 
"Rfast::mahala" "dmvnorm" 2#670 "mcmc_tpn" 
2#671 "Rfast::mahala" "dmvnorm" 2#671 "mcmc_tpn" 
2#670 "Rfast::mahala" "dmvnorm" 2#670 "mcmc_tpn" 
2#670 "Rfast::mahala" "dmvnorm" 2#670 "mcmc_tpn" 
"determinant.matrix" "determinant" "det" "dmvnorm" 2#671 "mcmc_tpn" 
2#671 "Rfast::mahala" "dmvnorm" 2#671 "mcmc_tpn" 
2#670 "Rfast::mahala" "dmvnorm" 2#670 "mcmc_tpn" 
2#670 "Rfast::mahala" "dmvnorm" 2#670 "mcmc_tpn" 
2#670 "Rfast::mahala" "dmvnorm" 2#670 "mcmc_tpn" 
2#259 "mcmc_tpn" 
2#259 "mcmc_tpn" 
2#345 "t" 2#345 "mcmc_tpn" 
2#476 "as.vector" 2#476 "mcmc_tpn" 
2#476 "as.vector" 2#476 "mcmc_tpn" 
"crossprod" 2#579 "mcmc_tpn" 
2#670 "Rfast::mahala" "dmvnorm" 2#670 "mcmc_tpn" 
2#670 "Rfast::mahala" "dmvnorm" 2#670 "mcmc_tpn" 
"Rfast::mahala" "dmvnorm" 2#670 "mcmc_tpn" 
"Rfast::mahala" "dmvnorm" 2#671 "mcmc_tpn" 
"Rfast::mahala" "dmvnorm" 2#671 "mcmc_tpn" 
2#671 "Rfast::mahala" "dmvnorm" 2#671 "mcmc_tpn" 
2#671 "Rfast::mahala" "dmvnorm" 2#671 "mcmc_tpn" 
2#670 "Rfast::mahala" "dmvnorm" 2#670 "mcmc_tpn" 
"Rfast::mahala" "dmvnorm" 2#671 "mcmc_tpn" 
2#671 "Rfast::mahala" "dmvnorm" 2#671 "mcmc_tpn" 
2#671 "Rfast::mahala" "dmvnorm" 2#671 "mcmc_tpn" 
2#670 "Rfast::mahala" "dmvnorm" 2#670 "mcmc_tpn" 
"Rfast::mahala" "dmvnorm" 2#671 "mcmc_tpn" 
"Rfast::mahala" "dmvnorm" 2#671 "mcmc_tpn" 
2#671 "Rfast::mahala" "dmvnorm" 2#671 "mcmc_tpn" 
"Rfast::mahala" "dmvnorm" 2#671 "mcmc_tpn" 
"Rfast::mahala" "dmvnorm" 2#670 "mcmc_tpn" 
"Rfast::mahala" "dmvnorm" 2#671 "mcmc_tpn" 
"Rfast::mahala" "dmvnorm" 2#671 "mcmc_tpn" 
"Rfast::mahala" "dmvnorm" 2#671 "mcmc_tpn" 
"Rfast::mahala" "dmvnorm" 2#670 "mcmc_tpn" 
2#260 "mcmc_tpn" 
"%*%" 2#310 "as.vector" 2#310 "mcmc_tpn" 
2#346 "t" 2#346 "mcmc_tpn" 
2#476 "as.vector" 2#476 "mcmc_tpn" 
2#476 "as.vector" 2#476 "mcmc_tpn" 
"crossprod" 2#580 "mcmc_tpn" 
"Rfast::mahala" "dmvnorm" 2#671 "mcmc_tpn" 
2#671 "Rfast::mahala" "dmvnorm" 2#671 "mcmc_tpn" 
"Rfast::mahala" "dmvnorm" 2#670 "mcmc_tpn" 
"Rfast::mahala" "dmvnorm" 2#671 "mcmc_tpn" 
2#671 "Rfast::mahala" "dmvnorm" 2#671 "mcmc_tpn" 
"Rfast::mahala" "dmvnorm" 2#670 "mcmc_tpn" 
"Rfast::mahala" "dmvnorm" 2#671 "mcmc_tpn" 
2#671 "Rfast::mahala" "dmvnorm" 2#671 "mcmc_tpn" 
2#671 "Rfast::mahala" "dmvnorm" 2#671 "mcmc_tpn" 
"Rfast::mahala" "dmvnorm" 2#671 "mcmc_tpn" 
2#671 "Rfast::mahala" "dmvnorm" 2#671 "mcmc_tpn" 
"Rfast::mahala" "dmvnorm" 2#670 "mcmc_tpn" 
2#670 "Rfast::mahala" "dmvnorm" 2#670 "mcmc_tpn" 
"Rfast::mahala" "dmvnorm" 2#670 "mcmc_tpn" 
"Rfast::mahala" "dmvnorm" 2#671 "mcmc_tpn" 
2#671 "Rfast::mahala" "dmvnorm" 2#671 "mcmc_tpn" 
2#671 "Rfast::mahala" "dmvnorm" 2#671 "mcmc_tpn" 
2#671 "Rfast::mahala" "dmvnorm" 2#671 "mcmc_tpn" 
"Rfast::mahala" "dmvnorm" 2#671 "mcmc_tpn" 
"Rfast::mahala" "dmvnorm" 2#670 "mcmc_tpn" 
"Rfast::mahala" "dmvnorm" 2#670 "mcmc_tpn" 
"determinant.matrix" "determinant" "det" "dmvnorm" 2#670 "mcmc_tpn" 
2#670 "Rfast::mahala" "dmvnorm" 2#670 "mcmc_tpn" 
"Rfast::mahala" "dmvnorm" 2#670 "mcmc_tpn" 
2#260 "mcmc_tpn" 
2#259 "mcmc_tpn" 
2#310 "as.vector" 2#310 "mcmc_tpn" 
"t.default" "t" 2#346 "mcmc_tpn" 
2#476 "as.vector" 2#476 "mcmc_tpn" 
"print.default" "print" 2#544 "mcmc_tpn" 
2#670 "Rfast::mahala" "dmvnorm" 2#670 "mcmc_tpn" 
2#670 "Rfast::mahala" "dmvnorm" 2#670 "mcmc_tpn" 
"Rfast::mahala" "dmvnorm" 2#670 "mcmc_tpn" 
"Rfast::mahala" "dmvnorm" 2#671 "mcmc_tpn" 
2#671 "Rfast::mahala" "dmvnorm" 2#671 "mcmc_tpn" 
2#671 "Rfast::mahala" "dmvnorm" 2#671 "mcmc_tpn" 
2#671 "Rfast::mahala" "dmvnorm" 2#671 "mcmc_tpn" 
"Rfast::mahala" "dmvnorm" 2#670 "mcmc_tpn" 
2#675 "mcmc_tpn" 
2#670 "Rfast::mahala" "dmvnorm" 2#670 "mcmc_tpn" 
2#670 "Rfast::mahala" "dmvnorm" 2#670 "mcmc_tpn" 
"Rfast::mahala" "dmvnorm" 2#670 "mcmc_tpn" 
"Rfast::mahala" "dmvnorm" 2#670 "mcmc_tpn" 
"Rfast::mahala" "dmvnorm" 2#670 "mcmc_tpn" 
"matrix" "Rfast::mahala" "dmvnorm" 2#670 "mcmc_tpn" 
2#670 "Rfast::mahala" "dmvnorm" 2#670 "mcmc_tpn" 
"Rfast::mahala" "dmvnorm" 2#671 "mcmc_tpn" 
2#670 "Rfast::mahala" "dmvnorm" 2#670 "mcmc_tpn" 
2#670 "Rfast::mahala" "dmvnorm" 2#670 "mcmc_tpn" 
2#670 "Rfast::mahala" "dmvnorm" 2#670 "mcmc_tpn" 
"aperm.default" "aperm" "sweep" 2#241 "mcmc_tpn" 
2#259 "mcmc_tpn" 
2#310 "as.vector" 2#310 "mcmc_tpn" 
"%*%" 2#345 "mcmc_tpn" 
2#480 "as.vector" 2#480 "mcmc_tpn" 
2#485 "mcmc_tpn" 
2#581 "mcmc_tpn" 
"Rfast::mahala" "dmvnorm" 2#671 "mcmc_tpn" 
"Rfast::mahala" "dmvnorm" 2#671 "mcmc_tpn" 
2#671 "Rfast::mahala" "dmvnorm" 2#671 "mcmc_tpn" 
2#670 "Rfast::mahala" "dmvnorm" 2#670 "mcmc_tpn" 
"Rfast::mahala" "dmvnorm" 2#671 "mcmc_tpn" 
2#676 "mcmc_tpn" 
"matrix" "Rfast::mahala" "dmvnorm" 2#670 "mcmc_tpn" 
"Rfast::mahala" "dmvnorm" 2#670 "mcmc_tpn" 
"Rfast::mahala" "dmvnorm" 2#671 "mcmc_tpn" 
"Rfast::mahala" "dmvnorm" 2#671 "mcmc_tpn" 
"Rfast::mahala" "dmvnorm" 2#670 "mcmc_tpn" 
2#671 "Rfast::mahala" "dmvnorm" 2#671 "mcmc_tpn" 
"Rfast::mahala" "dmvnorm" 2#670 "mcmc_tpn" 
2#670 "Rfast::mahala" "dmvnorm" 2#670 "mcmc_tpn" 
2#671 "Rfast::mahala" "dmvnorm" 2#671 "mcmc_tpn" 
"Rfast::mahala" "dmvnorm" 2#670 "mcmc_tpn" 
2#670 "Rfast::mahala" "dmvnorm" 2#670 "mcmc_tpn" 
"Rfast::mahala" "dmvnorm" 2#671 "mcmc_tpn" 
2#671 "Rfast::mahala" "dmvnorm" 2#671 "mcmc_tpn" 
"Rfast::mahala" "dmvnorm" 2#670 "mcmc_tpn" 
2#259 "mcmc_tpn" 
2#260 "mcmc_tpn" 
2#310 "as.vector" 2#310 "mcmc_tpn" 
2#346 "t" 2#346 "mcmc_tpn" 
2#480 "as.vector" 2#480 "mcmc_tpn" 
2#503 "mcmc_tpn" 
"diag" "dInvWishart" 2#593 "mcmc_tpn" 
"Rfast::mahala" "dmvnorm" 2#670 "mcmc_tpn" 
2#675 "mcmc_tpn" 
2#671 "Rfast::mahala" "dmvnorm" 2#671 "mcmc_tpn" 
2#671 "Rfast::mahala" "dmvnorm" 2#671 "mcmc_tpn" 
"Rfast::mahala" "dmvnorm" 2#670 "mcmc_tpn" 
2#671 "Rfast::mahala" "dmvnorm" 2#671 "mcmc_tpn" 
"Rfast::mahala" "dmvnorm" 2#670 "mcmc_tpn" 
"Rfast::mahala" "dmvnorm" 2#671 "mcmc_tpn" 
2#670 "Rfast::mahala" "dmvnorm" 2#670 "mcmc_tpn" 
"Rfast::mahala" "dmvnorm" 2#670 "mcmc_tpn" 
2#671 "Rfast::mahala" "dmvnorm" 2#671 "mcmc_tpn" 
"Rfast::mahala" "dmvnorm" 2#670 "mcmc_tpn" 
"Rfast::mahala" "dmvnorm" 2#670 "mcmc_tpn" 
2#670 "Rfast::mahala" "dmvnorm" 2#670 "mcmc_tpn" 
2#671 "Rfast::mahala" "dmvnorm" 2#671 "mcmc_tpn" 
2#671 "Rfast::mahala" "dmvnorm" 2#671 "mcmc_tpn" 
2#671 "Rfast::mahala" "dmvnorm" 2#671 "mcmc_tpn" 
2#670 "Rfast::mahala" "dmvnorm" 2#670 "mcmc_tpn" 
2#670 "Rfast::mahala" "dmvnorm" 2#670 "mcmc_tpn" 
"Rfast::mahala" "dmvnorm" 2#670 "mcmc_tpn" 
2#259 "mcmc_tpn" 
2#262 "dnorm" 2#262 "mcmc_tpn" 
2#310 "as.vector" 2#310 "mcmc_tpn" 
"%*%" 2#345 "mcmc_tpn" 
2#476 "as.vector" 2#476 "mcmc_tpn" 
2#476 "as.vector" 2#476 "mcmc_tpn" 
"chol2inv" "diag" "dWishart" 2#598 "mcmc_tpn" 
"Rfast::mahala" "dmvnorm" 2#671 "mcmc_tpn" 
2#675 "mcmc_tpn" 
2#675 "mcmc_tpn" 
2#675 "mcmc_tpn" 
2#675 "mcmc_tpn" 
2#675 "mcmc_tpn" 
2#675 "mcmc_tpn" 
2#675 "mcmc_tpn" 
2#675 "mcmc_tpn" 
2#675 "mcmc_tpn" 
2#675 "mcmc_tpn" 
2#675 "mcmc_tpn" 
2#675 "mcmc_tpn" 
"Rfast::mahala" "dmvnorm" 2#671 "mcmc_tpn" 
"Rfast::mahala" "dmvnorm" 2#671 "mcmc_tpn" 
"Rfast::mahala" "dmvnorm" 2#670 "mcmc_tpn" 
"determinant.matrix" "determinant" "det" "dmvnorm" 2#671 "mcmc_tpn" 
"determinant.matrix" "determinant" "det" "dmvnorm" 2#671 "mcmc_tpn" 
2#670 "Rfast::mahala" "dmvnorm" 2#670 "mcmc_tpn" 
"matrix" "Rfast::mahala" "dmvnorm" 2#670 "mcmc_tpn" 
"Rfast::mahala" "dmvnorm" 2#670 "mcmc_tpn" 
2#670 "Rfast::mahala" "dmvnorm" 2#670 "mcmc_tpn" 
"Rfast::mahala" "dmvnorm" 2#671 "mcmc_tpn" 
"determinant.matrix" "determinant" "det" "dmvnorm" 2#671 "mcmc_tpn" 
2#670 "Rfast::mahala" "dmvnorm" 2#670 "mcmc_tpn" 
"Rfast::mahala" "dmvnorm" 2#671 "mcmc_tpn" 
"Rfast::mahala" "dmvnorm" 2#671 "mcmc_tpn" 
2#671 "Rfast::mahala" "dmvnorm" 2#671 "mcmc_tpn" 
"Rfast::mahala" "dmvnorm" 2#671 "mcmc_tpn" 
"Rfast::mahala" "dmvnorm" 2#671 "mcmc_tpn" 
"Rfast::mahala" "dmvnorm" 2#671 "mcmc_tpn" 
2#259 "mcmc_tpn" 
2#260 "mcmc_tpn" 
2#310 "as.vector" 2#310 "mcmc_tpn" 
2#346 "t" 2#346 "mcmc_tpn" 
2#476 "as.vector" 2#476 "mcmc_tpn" 
2#480 "as.vector" 2#480 "mcmc_tpn" 
"%*%" "diag" "dWishart" 2#598 "mcmc_tpn" 
"Rfast::mahala" "dmvnorm" 2#671 "mcmc_tpn" 
2#671 "Rfast::mahala" "dmvnorm" 2#671 "mcmc_tpn" 
2#671 "Rfast::mahala" "dmvnorm" 2#671 "mcmc_tpn" 
"Rfast::mahala" "dmvnorm" 2#670 "mcmc_tpn" 
"Rfast::mahala" "dmvnorm" 2#670 "mcmc_tpn" 
2#671 "Rfast::mahala" "dmvnorm" 2#671 "mcmc_tpn" 
2#671 "Rfast::mahala" "dmvnorm" 2#671 "mcmc_tpn" 
"determinant.matrix" "determinant" "det" "dmvnorm" 2#671 "mcmc_tpn" 
"Rfast::mahala" "dmvnorm" 2#670 "mcmc_tpn" 
2#671 "Rfast::mahala" "dmvnorm" 2#671 "mcmc_tpn" 
"Rfast::mahala" "dmvnorm" 2#671 "mcmc_tpn" 
"Rfast::mahala" "dmvnorm" 2#670 "mcmc_tpn" 
2#670 "Rfast::mahala" "dmvnorm" 2#670 "mcmc_tpn" 
2#670 "Rfast::mahala" "dmvnorm" 2#670 "mcmc_tpn" 
2#670 "Rfast::mahala" "dmvnorm" 2#670 "mcmc_tpn" 
2#670 "Rfast::mahala" "dmvnorm" 2#670 "mcmc_tpn" 
"Rfast::mahala" "dmvnorm" 2#670 "mcmc_tpn" 
"Rfast::mahala" "dmvnorm" 2#670 "mcmc_tpn" 
"Rfast::mahala" "dmvnorm" 2#670 "mcmc_tpn" 
"Rfast::mahala" "dmvnorm" 2#670 "mcmc_tpn" 
2#260 "mcmc_tpn" 
2#262 "dnorm" 2#262 "mcmc_tpn" 
2#337 "mcmc_tpn" 
2#378 "mcmc_tpn" 
2#480 "as.vector" 2#480 "mcmc_tpn" 
"aperm.default" "aperm" "sweep" 2#577 "mcmc_tpn" 
"matrix" "Rfast::mahala" "dmvnorm" 2#670 "mcmc_tpn" 
"Rfast::mahala" "dmvnorm" 2#671 "mcmc_tpn" 
"determinant.matrix" "determinant" "det" "dmvnorm" 2#670 "mcmc_tpn" 
"Rfast::mahala" "dmvnorm" 2#671 "mcmc_tpn" 
"Rfast::mahala" "dmvnorm" 2#670 "mcmc_tpn" 
"Rfast::mahala" "dmvnorm" 2#671 "mcmc_tpn" 
"Rfast::mahala" "dmvnorm" 2#671 "mcmc_tpn" 
2#670 "Rfast::mahala" "dmvnorm" 2#670 "mcmc_tpn" 
"Rfast::mahala" "dmvnorm" 2#671 "mcmc_tpn" 
2#670 "Rfast::mahala" "dmvnorm" 2#670 "mcmc_tpn" 
"Rfast::mahala" "dmvnorm" 2#670 "mcmc_tpn" 
2#670 "Rfast::mahala" "dmvnorm" 2#670 "mcmc_tpn" 
"Rfast::mahala" "dmvnorm" 2#671 "mcmc_tpn" 
"Rfast::mahala" "dmvnorm" 2#670 "mcmc_tpn" 
"Rfast::mahala" "dmvnorm" 2#670 "mcmc_tpn" 
2#670 "Rfast::mahala" "dmvnorm" 2#670 "mcmc_tpn" 
"Rfast::mahala" "dmvnorm" 2#670 "mcmc_tpn" 
2#670 "Rfast::mahala" "dmvnorm" 2#670 "mcmc_tpn" 
"matrix" "Rfast::mahala" "dmvnorm" 2#670 "mcmc_tpn" 
2#670 "Rfast::mahala" "dmvnorm" 2#670 "mcmc_tpn" 
"Rfast::mahala" "dmvnorm" 2#671 "mcmc_tpn" 
2#260 "mcmc_tpn" 
2#260 "mcmc_tpn" 
2#338 "mcmc_tpn" 
2#379 "mcmc_tpn" 
"%*%" 2#476 "as.vector" 2#476 "mcmc_tpn" 
"crossprod" 2#579 "mcmc_tpn" 
"matrix" "Rfast::mahala" "dmvnorm" 2#670 "mcmc_tpn" 
2#671 "Rfast::mahala" "dmvnorm" 2#671 "mcmc_tpn" 
2#670 "Rfast::mahala" "dmvnorm" 2#670 "mcmc_tpn" 
"Rfast::mahala" "dmvnorm" 2#671 "mcmc_tpn" 
"Rfast::mahala" "dmvnorm" 2#671 "mcmc_tpn" 
"Rfast::mahala" "dmvnorm" 2#671 "mcmc_tpn" 
"Rfast::mahala" "dmvnorm" 2#670 "mcmc_tpn" 
"Rfast::mahala" "dmvnorm" 2#670 "mcmc_tpn" 
2#670 "Rfast::mahala" "dmvnorm" 2#670 "mcmc_tpn" 
"Rfast::mahala" "dmvnorm" 2#671 "mcmc_tpn" 
"Rfast::mahala" "dmvnorm" 2#671 "mcmc_tpn" 
"Rfast::mahala" "dmvnorm" 2#671 "mcmc_tpn" 
"Rfast::mahala" "dmvnorm" 2#670 "mcmc_tpn" 
2#670 "Rfast::mahala" "dmvnorm" 2#670 "mcmc_tpn" 
2#670 "Rfast::mahala" "dmvnorm" 2#670 "mcmc_tpn" 
2#670 "Rfast::mahala" "dmvnorm" 2#670 "mcmc_tpn" 
"Rfast::mahala" "dmvnorm" 2#671 "mcmc_tpn" 
"Rfast::mahala" "dmvnorm" 2#671 "mcmc_tpn" 
"matrix" "Rfast::mahala" "dmvnorm" 2#671 "mcmc_tpn" 
"Rfast::mahala" "dmvnorm" 2#670 "mcmc_tpn" 
"matrix" "Rfast::mahala" "dmvnorm" 2#671 "mcmc_tpn" 
"matrix" "Rfast::mahala" "dmvnorm" 2#671 "mcmc_tpn" 
"matrix" "Rfast::mahala" "dmvnorm" 2#671 "mcmc_tpn" 
"Rfast::mahala" "dmvnorm" 2#671 "mcmc_tpn" 
2#259 "mcmc_tpn" 
2#259 "mcmc_tpn" 
2#337 "mcmc_tpn" 
2#379 "mcmc_tpn" 
2#480 "as.vector" 2#480 "mcmc_tpn" 
"crossprod" 2#579 "mcmc_tpn" 
"Rfast::mahala" "dmvnorm" 2#671 "mcmc_tpn" 
"Rfast::mahala" "dmvnorm" 2#670 "mcmc_tpn" 
2#676 "mcmc_tpn" 
2#671 "Rfast::mahala" "dmvnorm" 2#671 "mcmc_tpn" 
"Rfast::mahala" "dmvnorm" 2#671 "mcmc_tpn" 
2#670 "Rfast::mahala" "dmvnorm" 2#670 "mcmc_tpn" 
2#671 "Rfast::mahala" "dmvnorm" 2#671 "mcmc_tpn" 
"Rfast::mahala" "dmvnorm" 2#671 "mcmc_tpn" 
2#671 "Rfast::mahala" "dmvnorm" 2#671 "mcmc_tpn" 
"Rfast::mahala" "dmvnorm" 2#670 "mcmc_tpn" 
"Rfast::mahala" "dmvnorm" 2#671 "mcmc_tpn" 
"Rfast::mahala" "dmvnorm" 2#671 "mcmc_tpn" 
"Rfast::mahala" "dmvnorm" 2#671 "mcmc_tpn" 
"Rfast::mahala" "dmvnorm" 2#671 "mcmc_tpn" 
"Rfast::mahala" "dmvnorm" 2#671 "mcmc_tpn" 
2#671 "Rfast::mahala" "dmvnorm" 2#671 "mcmc_tpn" 
"Rfast::mahala" "dmvnorm" 2#670 "mcmc_tpn" 
"Rfast::mahala" "dmvnorm" 2#670 "mcmc_tpn" 
"Rfast::mahala" "dmvnorm" 2#670 "mcmc_tpn" 
2#670 "Rfast::mahala" "dmvnorm" 2#670 "mcmc_tpn" 
2#259 "mcmc_tpn" 
2#259 "mcmc_tpn" 
2#310 "as.vector" 2#310 "mcmc_tpn" 
2#346 "t" 2#346 "mcmc_tpn" 
2#488 "mcmc_tpn" 
2#476 "as.vector" 2#476 "mcmc_tpn" 
"%*%" "diag" "dInvWishart" 2#594 "mcmc_tpn" 
"determinant.matrix" "determinant" "det" "dmvnorm" 2#670 "mcmc_tpn" 
2#671 "Rfast::mahala" "dmvnorm" 2#671 "mcmc_tpn" 
"Rfast::mahala" "dmvnorm" 2#670 "mcmc_tpn" 
2#670 "Rfast::mahala" "dmvnorm" 2#670 "mcmc_tpn" 
"matrix" "Rfast::mahala" "dmvnorm" 2#670 "mcmc_tpn" 
2#670 "Rfast::mahala" "dmvnorm" 2#670 "mcmc_tpn" 
2#670 "Rfast::mahala" "dmvnorm" 2#670 "mcmc_tpn" 
2#670 "Rfast::mahala" "dmvnorm" 2#670 "mcmc_tpn" 
2#670 "Rfast::mahala" "dmvnorm" 2#670 "mcmc_tpn" 
2#670 "Rfast::mahala" "dmvnorm" 2#670 "mcmc_tpn" 
2#671 "Rfast::mahala" "dmvnorm" 2#671 "mcmc_tpn" 
2#671 "Rfast::mahala" "dmvnorm" 2#671 "mcmc_tpn" 
"Rfast::mahala" "dmvnorm" 2#671 "mcmc_tpn" 
2#671 "Rfast::mahala" "dmvnorm" 2#671 "mcmc_tpn" 
2#670 "Rfast::mahala" "dmvnorm" 2#670 "mcmc_tpn" 
2#671 "Rfast::mahala" "dmvnorm" 2#671 "mcmc_tpn" 
"Rfast::mahala" "dmvnorm" 2#670 "mcmc_tpn" 
2#675 "mcmc_tpn" 
"Rfast::mahala" "dmvnorm" 2#670 "mcmc_tpn" 
2#670 "Rfast::mahala" "dmvnorm" 2#670 "mcmc_tpn" 
2#260 "mcmc_tpn" 
2#260 "mcmc_tpn" 
2#320 "mcmc_tpn" 
2#379 "mcmc_tpn" 
2#499 "mcmc_tpn" 
2#487 "mcmc_tpn" 
"chol2inv" "diag" "dWishart" 2#599 "mcmc_tpn" 
2#670 "Rfast::mahala" "dmvnorm" 2#670 "mcmc_tpn" 
"Rfast::mahala" "dmvnorm" 2#671 "mcmc_tpn" 
"Rfast::mahala" "dmvnorm" 2#671 "mcmc_tpn" 
"Rfast::mahala" "dmvnorm" 2#671 "mcmc_tpn" 
2#671 "Rfast::mahala" "dmvnorm" 2#671 "mcmc_tpn" 
"Rfast::mahala" "dmvnorm" 2#670 "mcmc_tpn" 
"Rfast::mahala" "dmvnorm" 2#671 "mcmc_tpn" 
2#671 "Rfast::mahala" "dmvnorm" 2#671 "mcmc_tpn" 
"Rfast::mahala" "dmvnorm" 2#670 "mcmc_tpn" 
2#671 "Rfast::mahala" "dmvnorm" 2#671 "mcmc_tpn" 
"Rfast::mahala" "dmvnorm" 2#671 "mcmc_tpn" 
2#670 "Rfast::mahala" "dmvnorm" 2#670 "mcmc_tpn" 
2#670 "Rfast::mahala" "dmvnorm" 2#670 "mcmc_tpn" 
2#671 "Rfast::mahala" "dmvnorm" 2#671 "mcmc_tpn" 
2#671 "Rfast::mahala" "dmvnorm" 2#671 "mcmc_tpn" 
"Rfast::mahala" "dmvnorm" 2#670 "mcmc_tpn" 
"Rfast::mahala" "dmvnorm" 2#670 "mcmc_tpn" 
"Rfast::mahala" "dmvnorm" 2#670 "mcmc_tpn" 
2#670 "Rfast::mahala" "dmvnorm" 2#670 "mcmc_tpn" 
"Rfast::mahala" "dmvnorm" 2#671 "mcmc_tpn" 
2#259 "mcmc_tpn" 
2#260 "mcmc_tpn" 
2#338 "mcmc_tpn" 
2#379 "mcmc_tpn" 
2#476 "as.vector" 2#476 "mcmc_tpn" 
"aperm.default" "aperm" "sweep" 2#577 "mcmc_tpn" 
2#670 "Rfast::mahala" "dmvnorm" 2#670 "mcmc_tpn" 
2#670 "Rfast::mahala" "dmvnorm" 2#670 "mcmc_tpn" 
"Rfast::mahala" "dmvnorm" 2#671 "mcmc_tpn" 
"Rfast::mahala" "dmvnorm" 2#670 "mcmc_tpn" 
"Rfast::mahala" "dmvnorm" 2#670 "mcmc_tpn" 
2#670 "Rfast::mahala" "dmvnorm" 2#670 "mcmc_tpn" 
"Rfast::mahala" "dmvnorm" 2#671 "mcmc_tpn" 
"determinant.matrix" "determinant" "det" "dmvnorm" 2#670 "mcmc_tpn" 
"determinant.matrix" "determinant" "det" "dmvnorm" 2#670 "mcmc_tpn" 
"determinant.matrix" "determinant" "det" "dmvnorm" 2#670 "mcmc_tpn" 
"determinant.matrix" "determinant" "det" "dmvnorm" 2#670 "mcmc_tpn" 
"Rfast::mahala" "dmvnorm" 2#671 "mcmc_tpn" 
"Rfast::mahala" "dmvnorm" 2#670 "mcmc_tpn" 
"Rfast::mahala" "dmvnorm" 2#671 "mcmc_tpn" 
"determinant.matrix" "determinant" "det" "dmvnorm" 2#670 "mcmc_tpn" 
"determinant.matrix" "determinant" "det" "dmvnorm" 2#671 "mcmc_tpn" 
"Rfast::mahala" "dmvnorm" 2#671 "mcmc_tpn" 
"Rfast::mahala" "dmvnorm" 2#671 "mcmc_tpn" 
"Rfast::mahala" "dmvnorm" 2#671 "mcmc_tpn" 
"Rfast::mahala" "dmvnorm" 2#671 "mcmc_tpn" 
"Rfast::mahala" "dmvnorm" 2#670 "mcmc_tpn" 
"Rfast::mahala" "dmvnorm" 2#670 "mcmc_tpn" 
2#670 "Rfast::mahala" "dmvnorm" 2#670 "mcmc_tpn" 
2#671 "Rfast::mahala" "dmvnorm" 2#671 "mcmc_tpn" 
2#259 "mcmc_tpn" 
2#310 "as.vector" 2#310 "mcmc_tpn" 
2#346 "t" 2#346 "mcmc_tpn" 
2#476 "as.vector" 2#476 "mcmc_tpn" 
2#476 "as.vector" 2#476 "mcmc_tpn" 
"as.vector" "all.equal.numeric" "all.equal" "isSymmetric.matrix" "isSymmetric" "dInvWishart" 2#593 "mcmc_tpn" 
"Rfast::mahala" "dmvnorm" 2#670 "mcmc_tpn" 
2#670 "Rfast::mahala" "dmvnorm" 2#670 "mcmc_tpn" 
"Rfast::mahala" "dmvnorm" 2#671 "mcmc_tpn" 
"Rfast::mahala" "dmvnorm" 2#671 "mcmc_tpn" 
"Rfast::mahala" "dmvnorm" 2#671 "mcmc_tpn" 
2#676 "mcmc_tpn" 
"Rfast::mahala" "dmvnorm" 2#670 "mcmc_tpn" 
"Rfast::mahala" "dmvnorm" 2#671 "mcmc_tpn" 
"Rfast::mahala" "dmvnorm" 2#671 "mcmc_tpn" 
2#671 "Rfast::mahala" "dmvnorm" 2#671 "mcmc_tpn" 
"Rfast::mahala" "dmvnorm" 2#670 "mcmc_tpn" 
2#670 "Rfast::mahala" "dmvnorm" 2#670 "mcmc_tpn" 
2#670 "Rfast::mahala" "dmvnorm" 2#670 "mcmc_tpn" 
2#670 "Rfast::mahala" "dmvnorm" 2#670 "mcmc_tpn" 
"Rfast::mahala" "dmvnorm" 2#670 "mcmc_tpn" 
2#670 "Rfast::mahala" "dmvnorm" 2#670 "mcmc_tpn" 
"Rfast::mahala" "dmvnorm" 2#670 "mcmc_tpn" 
"Rfast::mahala" "dmvnorm" 2#671 "mcmc_tpn" 
"Rfast::mahala" "dmvnorm" 2#670 "mcmc_tpn" 
"Rfast::mahala" "dmvnorm" 2#671 "mcmc_tpn" 
2#275 "mcmc_tpn" 
2#259 "mcmc_tpn" 
"as.vector" 2#310 "mcmc_tpn" 
2#345 "t" 2#345 "mcmc_tpn" 
2#480 "as.vector" 2#480 "mcmc_tpn" 
2#476 "as.vector" 2#476 "mcmc_tpn" 
"all.equal" "isSymmetric.matrix" "isSymmetric" "dInvWishart" 2#593 "mcmc_tpn" 
2#671 "Rfast::mahala" "dmvnorm" 2#671 "mcmc_tpn" 
2#670 "Rfast::mahala" "dmvnorm" 2#670 "mcmc_tpn" 
2#670 "Rfast::mahala" "dmvnorm" 2#670 "mcmc_tpn" 
2#670 "Rfast::mahala" "dmvnorm" 2#670 "mcmc_tpn" 
"Rfast::mahala" "dmvnorm" 2#670 "mcmc_tpn" 
"Rfast::mahala" "dmvnorm" 2#671 "mcmc_tpn" 
"Rfast::mahala" "dmvnorm" 2#671 "mcmc_tpn" 
2#671 "Rfast::mahala" "dmvnorm" 2#671 "mcmc_tpn" 
"Rfast::mahala" "dmvnorm" 2#670 "mcmc_tpn" 
"Rfast::mahala" "dmvnorm" 2#670 "mcmc_tpn" 
2#670 "Rfast::mahala" "dmvnorm" 2#670 "mcmc_tpn" 
"matrix" "Rfast::mahala" "dmvnorm" 2#670 "mcmc_tpn" 
"Rfast::mahala" "dmvnorm" 2#670 "mcmc_tpn" 
"matrix" "Rfast::mahala" "dmvnorm" 2#670 "mcmc_tpn" 
"matrix" "Rfast::mahala" "dmvnorm" 2#670 "mcmc_tpn" 
2#670 "Rfast::mahala" "dmvnorm" 2#670 "mcmc_tpn" 
"Rfast::mahala" "dmvnorm" 2#671 "mcmc_tpn" 
"Rfast::mahala" "dmvnorm" 2#671 "mcmc_tpn" 
"Rfast::mahala" "dmvnorm" 2#671 "mcmc_tpn" 
2#671 "Rfast::mahala" "dmvnorm" 2#671 "mcmc_tpn" 
"dnorm" 2#262 "mcmc_tpn" 
2#259 "mcmc_tpn" 
2#314 "mcmc_tpn" 
"t.default" "t" 2#346 "mcmc_tpn" 
2#476 "as.vector" 2#476 "mcmc_tpn" 
2#476 "as.vector" 2#476 "mcmc_tpn" 
"chol2inv" "diag" "dInvWishart" 2#594 "mcmc_tpn" 
2#670 "Rfast::mahala" "dmvnorm" 2#670 "mcmc_tpn" 
2#671 "Rfast::mahala" "dmvnorm" 2#671 "mcmc_tpn" 
2#671 "Rfast::mahala" "dmvnorm" 2#671 "mcmc_tpn" 
"Rfast::mahala" "dmvnorm" 2#670 "mcmc_tpn" 
2#670 "Rfast::mahala" "dmvnorm" 2#670 "mcmc_tpn" 
"Rfast::mahala" "dmvnorm" 2#670 "mcmc_tpn" 
"matrix" "Rfast::mahala" "dmvnorm" 2#670 "mcmc_tpn" 
"Rfast::mahala" "dmvnorm" 2#671 "mcmc_tpn" 
"Rfast::mahala" "dmvnorm" 2#671 "mcmc_tpn" 
"matrix" "Rfast::mahala" "dmvnorm" 2#671 "mcmc_tpn" 
2#671 "Rfast::mahala" "dmvnorm" 2#671 "mcmc_tpn" 
2#671 "Rfast::mahala" "dmvnorm" 2#671 "mcmc_tpn" 
"Rfast::mahala" "dmvnorm" 2#670 "mcmc_tpn" 
2#671 "Rfast::mahala" "dmvnorm" 2#671 "mcmc_tpn" 
"Rfast::mahala" "dmvnorm" 2#670 "mcmc_tpn" 
"Rfast::mahala" "dmvnorm" 2#670 "mcmc_tpn" 
2#670 "Rfast::mahala" "dmvnorm" 2#670 "mcmc_tpn" 
"Rfast::mahala" "dmvnorm" 2#671 "mcmc_tpn" 
"Rfast::mahala" "dmvnorm" 2#670 "mcmc_tpn" 
2#670 "Rfast::mahala" "dmvnorm" 2#670 "mcmc_tpn" 
2#260 "mcmc_tpn" 
2#260 "mcmc_tpn" 
2#310 "mcmc_tpn" 
"t.default" "t" 2#345 "mcmc_tpn" 
"t.default" "t" 2#345 "mcmc_tpn" 
"t.default" "t" 2#345 "mcmc_tpn" 
2#345 "t" 2#345 "mcmc_tpn" 
2#480 "as.vector" 2#480 "mcmc_tpn" 
"rWishart" 2#540 "mcmc_tpn" 
"%*%" "diag" "dWishart" 2#599 "mcmc_tpn" 
"Rfast::mahala" "dmvnorm" 2#671 "mcmc_tpn" 
"Rfast::mahala" "dmvnorm" 2#671 "mcmc_tpn" 
"Rfast::mahala" "dmvnorm" 2#671 "mcmc_tpn" 
"Rfast::mahala" "dmvnorm" 2#671 "mcmc_tpn" 
"Rfast::mahala" "dmvnorm" 2#670 "mcmc_tpn" 
2#670 "Rfast::mahala" "dmvnorm" 2#670 "mcmc_tpn" 
2#670 "Rfast::mahala" "dmvnorm" 2#670 "mcmc_tpn" 
2#670 "Rfast::mahala" "dmvnorm" 2#670 "mcmc_tpn" 
2#671 "Rfast::mahala" "dmvnorm" 2#671 "mcmc_tpn" 
2#671 "Rfast::mahala" "dmvnorm" 2#671 "mcmc_tpn" 
"Rfast::mahala" "dmvnorm" 2#671 "mcmc_tpn" 
"Rfast::mahala" "dmvnorm" 2#670 "mcmc_tpn" 
"Rfast::mahala" "dmvnorm" 2#670 "mcmc_tpn" 
2#670 "Rfast::mahala" "dmvnorm" 2#670 "mcmc_tpn" 
"Rfast::mahala" "dmvnorm" 2#671 "mcmc_tpn" 
2#671 "Rfast::mahala" "dmvnorm" 2#671 "mcmc_tpn" 
2#671 "Rfast::mahala" "dmvnorm" 2#671 "mcmc_tpn" 
2#671 "Rfast::mahala" "dmvnorm" 2#671 "mcmc_tpn" 
2#670 "Rfast::mahala" "dmvnorm" 2#670 "mcmc_tpn" 
"Rfast::mahala" "dmvnorm" 2#670 "mcmc_tpn" 
2#260 "mcmc_tpn" 
2#259 "mcmc_tpn" 
"matrix" 2#329 "mcmc_tpn" 
2#378 "mcmc_tpn" 
2#480 "as.vector" 2#480 "mcmc_tpn" 
"chol.default" "chol" 3#5 "doTryCatch" "tryCatchOne" "tryCatchList" "tryCatch" 3#2 "test_sigma_mcmc" 2#546 "mcmc_tpn" 
"Rfast::mahala" "dmvnorm" 2#670 "mcmc_tpn" 
2#670 "Rfast::mahala" "dmvnorm" 2#670 "mcmc_tpn" 
"Rfast::mahala" "dmvnorm" 2#671 "mcmc_tpn" 
2#671 "Rfast::mahala" "dmvnorm" 2#671 "mcmc_tpn" 
"Rfast::mahala" "dmvnorm" 2#670 "mcmc_tpn" 
2#670 "Rfast::mahala" "dmvnorm" 2#670 "mcmc_tpn" 
2#670 "Rfast::mahala" "dmvnorm" 2#670 "mcmc_tpn" 
"Rfast::mahala" "dmvnorm" 2#670 "mcmc_tpn" 
"Rfast::mahala" "dmvnorm" 2#671 "mcmc_tpn" 
2#671 "Rfast::mahala" "dmvnorm" 2#671 "mcmc_tpn" 
2#671 "Rfast::mahala" "dmvnorm" 2#671 "mcmc_tpn" 
2#671 "Rfast::mahala" "dmvnorm" 2#671 "mcmc_tpn" 
"determinant.matrix" "determinant" "det" "dmvnorm" 2#671 "mcmc_tpn" 
2#671 "Rfast::mahala" "dmvnorm" 2#671 "mcmc_tpn" 
2#670 "Rfast::mahala" "dmvnorm" 2#670 "mcmc_tpn" 
2#671 "Rfast::mahala" "dmvnorm" 2#671 "mcmc_tpn" 
2#670 "Rfast::mahala" "dmvnorm" 2#670 "mcmc_tpn" 
2#671 "Rfast::mahala" "dmvnorm" 2#671 "mcmc_tpn" 
2#671 "Rfast::mahala" "dmvnorm" 2#671 "mcmc_tpn" 
"Rfast::mahala" "dmvnorm" 2#670 "mcmc_tpn" 
2#671 "Rfast::mahala" "dmvnorm" 2#671 "mcmc_tpn" 
2#260 "mcmc_tpn" 
2#260 "mcmc_tpn" 
2#310 "as.vector" 2#310 "mcmc_tpn" 
"t.default" "t" 2#346 "mcmc_tpn" 
2#476 "as.vector" 2#476 "mcmc_tpn" 
2#476 "as.vector" 2#476 "mcmc_tpn" 
"is.na" "all.equal.numeric" "all.equal" "isSymmetric.matrix" "isSymmetric" "dWishart" 2#598 "mcmc_tpn" 
"Rfast::mahala" "dmvnorm" 2#670 "mcmc_tpn" 
2#670 "Rfast::mahala" "dmvnorm" 2#670 "mcmc_tpn" 
2#670 "Rfast::mahala" "dmvnorm" 2#670 "mcmc_tpn" 
"Rfast::mahala" "dmvnorm" 2#670 "mcmc_tpn" 
"Rfast::mahala" "dmvnorm" 2#671 "mcmc_tpn" 
"Rfast::mahala" "dmvnorm" 2#670 "mcmc_tpn" 
2#671 "Rfast::mahala" "dmvnorm" 2#671 "mcmc_tpn" 
2#670 "Rfast::mahala" "dmvnorm" 2#670 "mcmc_tpn" 
2#670 "Rfast::mahala" "dmvnorm" 2#670 "mcmc_tpn" 
2#670 "Rfast::mahala" "dmvnorm" 2#670 "mcmc_tpn" 
"Rfast::mahala" "dmvnorm" 2#671 "mcmc_tpn" 
"Rfast::mahala" "dmvnorm" 2#670 "mcmc_tpn" 
"Rfast::mahala" "dmvnorm" 2#671 "mcmc_tpn" 
2#670 "Rfast::mahala" "dmvnorm" 2#670 "mcmc_tpn" 
2#671 "Rfast::mahala" "dmvnorm" 2#671 "mcmc_tpn" 
"Rfast::mahala" "dmvnorm" 2#670 "mcmc_tpn" 
2#671 "Rfast::mahala" "dmvnorm" 2#671 "mcmc_tpn" 
2#670 "Rfast::mahala" "dmvnorm" 2#670 "mcmc_tpn" 
2#671 "Rfast::mahala" "dmvnorm" 2#671 "mcmc_tpn" 
"Rfast::mahala" "dmvnorm" 2#670 "mcmc_tpn" 
2#260 "mcmc_tpn" 
2#262 "dnorm" 2#262 "mcmc_tpn" 
2#320 "mcmc_tpn" 
"%*%" 2#346 "mcmc_tpn" 
2#480 "as.vector" 2#480 "mcmc_tpn" 
2#480 "as.vector" 2#480 "mcmc_tpn" 
"crossprod" 2#580 "mcmc_tpn" 
"Rfast::mahala" "dmvnorm" 2#670 "mcmc_tpn" 
2#670 "Rfast::mahala" "dmvnorm" 2#670 "mcmc_tpn" 
"determinant.matrix" "determinant" "det" "dmvnorm" 2#670 "mcmc_tpn" 
"Rfast::mahala" "dmvnorm" 2#671 "mcmc_tpn" 
2#675 "mcmc_tpn" 
2#671 "Rfast::mahala" "dmvnorm" 2#671 "mcmc_tpn" 
2#671 "Rfast::mahala" "dmvnorm" 2#671 "mcmc_tpn" 
"Rfast::mahala" "dmvnorm" 2#671 "mcmc_tpn" 
"Rfast::mahala" "dmvnorm" 2#670 "mcmc_tpn" 
"Rfast::mahala" "dmvnorm" 2#671 "mcmc_tpn" 
2#670 "Rfast::mahala" "dmvnorm" 2#670 "mcmc_tpn" 
2#671 "Rfast::mahala" "dmvnorm" 2#671 "mcmc_tpn" 
"determinant.matrix" "determinant" "det" "dmvnorm" 2#670 "mcmc_tpn" 
"determinant.matrix" "determinant" "det" "dmvnorm" 2#670 "mcmc_tpn" 
"determinant.matrix" "determinant" "det" "dmvnorm" 2#670 "mcmc_tpn" 
"determinant.matrix" "determinant" "det" "dmvnorm" 2#670 "mcmc_tpn" 
"determinant.matrix" "determinant" "det" "dmvnorm" 2#671 "mcmc_tpn" 
"determinant.matrix" "determinant" "det" "dmvnorm" 2#671 "mcmc_tpn" 
"determinant.matrix" "determinant" "det" "dmvnorm" 2#670 "mcmc_tpn" 
"Rfast::mahala" "dmvnorm" 2#671 "mcmc_tpn" 
2#671 "Rfast::mahala" "dmvnorm" 2#671 "mcmc_tpn" 
"Rfast::mahala" "dmvnorm" 2#670 "mcmc_tpn" 
"Rfast::mahala" "dmvnorm" 2#671 "mcmc_tpn" 
"Rfast::mahala" "dmvnorm" 2#670 "mcmc_tpn" 
2#259 "mcmc_tpn" 
2#259 "mcmc_tpn" 
2#310 "as.vector" 2#310 "mcmc_tpn" 
"t.default" "t" 2#352 "mcmc_tpn" 
2#476 "as.vector" 2#476 "mcmc_tpn" 
"all" "all.equal.numeric" "all.equal" "isSymmetric.matrix" "isSymmetric" "dInvWishart" 2#593 "mcmc_tpn" 
2#671 "Rfast::mahala" "dmvnorm" 2#671 "mcmc_tpn" 
2#670 "Rfast::mahala" "dmvnorm" 2#670 "mcmc_tpn" 
"Rfast::mahala" "dmvnorm" 2#671 "mcmc_tpn" 
"Rfast::mahala" "dmvnorm" 2#671 "mcmc_tpn" 
2#671 "Rfast::mahala" "dmvnorm" 2#671 "mcmc_tpn" 
"Rfast::mahala" "dmvnorm" 2#670 "mcmc_tpn" 
2#671 "Rfast::mahala" "dmvnorm" 2#671 "mcmc_tpn" 
"Rfast::mahala" "dmvnorm" 2#670 "mcmc_tpn" 
2#670 "Rfast::mahala" "dmvnorm" 2#670 "mcmc_tpn" 
2#670 "Rfast::mahala" "dmvnorm" 2#670 "mcmc_tpn" 
2#670 "Rfast::mahala" "dmvnorm" 2#670 "mcmc_tpn" 
2#670 "Rfast::mahala" "dmvnorm" 2#670 "mcmc_tpn" 
"Rfast::mahala" "dmvnorm" 2#671 "mcmc_tpn" 
"Rfast::mahala" "dmvnorm" 2#671 "mcmc_tpn" 
"Rfast::mahala" "dmvnorm" 2#670 "mcmc_tpn" 
"Rfast::mahala" "dmvnorm" 2#671 "mcmc_tpn" 
"Rfast::mahala" "dmvnorm" 2#670 "mcmc_tpn" 
2#670 "Rfast::mahala" "dmvnorm" 2#670 "mcmc_tpn" 
"Rfast::mahala" "dmvnorm" 2#671 "mcmc_tpn" 
2#671 "Rfast::mahala" "dmvnorm" 2#671 "mcmc_tpn" 
2#260 "mcmc_tpn" 
"%*%" 2#259 "mcmc_tpn" 
2#310 "as.vector" 2#310 "mcmc_tpn" 
"%*%" 2#346 "mcmc_tpn" 
2#476 "as.vector" 2#476 "mcmc_tpn" 
2#480 "as.vector" 2#480 "mcmc_tpn" 
"isSymmetric" "dInvWishart" 2#594 "mcmc_tpn" 
2#670 "Rfast::mahala" "dmvnorm" 2#670 "mcmc_tpn" 
"Rfast::mahala" "dmvnorm" 2#671 "mcmc_tpn" 
2#671 "Rfast::mahala" "dmvnorm" 2#671 "mcmc_tpn" 
"Rfast::mahala" "dmvnorm" 2#670 "mcmc_tpn" 
2#670 "Rfast::mahala" "dmvnorm" 2#670 "mcmc_tpn" 
"Rfast::mahala" "dmvnorm" 2#670 "mcmc_tpn" 
2#670 "Rfast::mahala" "dmvnorm" 2#670 "mcmc_tpn" 
2#670 "Rfast::mahala" "dmvnorm" 2#670 "mcmc_tpn" 
2#670 "Rfast::mahala" "dmvnorm" 2#670 "mcmc_tpn" 
"Rfast::mahala" "dmvnorm" 2#670 "mcmc_tpn" 
"Rfast::mahala" "dmvnorm" 2#670 "mcmc_tpn" 
2#670 "Rfast::mahala" "dmvnorm" 2#670 "mcmc_tpn" 
2#671 "Rfast::mahala" "dmvnorm" 2#671 "mcmc_tpn" 
2#670 "Rfast::mahala" "dmvnorm" 2#670 "mcmc_tpn" 
2#671 "Rfast::mahala" "dmvnorm" 2#671 "mcmc_tpn" 
"determinant.matrix" "determinant" "det" "dmvnorm" 2#670 "mcmc_tpn" 
2#670 "Rfast::mahala" "dmvnorm" 2#670 "mcmc_tpn" 
2#670 "Rfast::mahala" "dmvnorm" 2#670 "mcmc_tpn" 
2#670 "Rfast::mahala" "dmvnorm" 2#670 "mcmc_tpn" 
"Rfast::mahala" "dmvnorm" 2#671 "mcmc_tpn" 
2#277 "mcmc_tpn" 
2#260 "mcmc_tpn" 
2#310 "as.vector" 2#310 "mcmc_tpn" 
2#378 "mcmc_tpn" 
2#480 "as.vector" 2#480 "mcmc_tpn" 
"print.default" "print" 2#544 "mcmc_tpn" 
"c" 2#655 "mcmc_tpn" 
2#671 "Rfast::mahala" "dmvnorm" 2#671 "mcmc_tpn" 
"Rfast::mahala" "dmvnorm" 2#670 "mcmc_tpn" 
"Rfast::mahala" "dmvnorm" 2#670 "mcmc_tpn" 
2#670 "Rfast::mahala" "dmvnorm" 2#670 "mcmc_tpn" 
"Rfast::mahala" "dmvnorm" 2#671 "mcmc_tpn" 
"Rfast::mahala" "dmvnorm" 2#670 "mcmc_tpn" 
"Rfast::mahala" "dmvnorm" 2#670 "mcmc_tpn" 
2#670 "Rfast::mahala" "dmvnorm" 2#670 "mcmc_tpn" 
2#670 "Rfast::mahala" "dmvnorm" 2#670 "mcmc_tpn" 
"Rfast::mahala" "dmvnorm" 2#670 "mcmc_tpn" 
"Rfast::mahala" "dmvnorm" 2#670 "mcmc_tpn" 
2#670 "Rfast::mahala" "dmvnorm" 2#670 "mcmc_tpn" 
2#671 "Rfast::mahala" "dmvnorm" 2#671 "mcmc_tpn" 
2#671 "Rfast::mahala" "dmvnorm" 2#671 "mcmc_tpn" 
2#671 "Rfast::mahala" "dmvnorm" 2#671 "mcmc_tpn" 
"Rfast::mahala" "dmvnorm" 2#670 "mcmc_tpn" 
2#670 "Rfast::mahala" "dmvnorm" 2#670 "mcmc_tpn" 
2#670 "Rfast::mahala" "dmvnorm" 2#670 "mcmc_tpn" 
"Rfast::mahala" "dmvnorm" 2#671 "mcmc_tpn" 
2#671 "Rfast::mahala" "dmvnorm" 2#671 "mcmc_tpn" 
"%*%" 2#260 "mcmc_tpn" 
2#259 "mcmc_tpn" 
2#310 "as.vector" 2#310 "mcmc_tpn" 
2#379 "mcmc_tpn" 
2#480 "as.vector" 2#480 "mcmc_tpn" 
"vapply" "pmax" 2#496 "mcmc_tpn" 
"vapply" "pmax" 2#496 "mcmc_tpn" 
"vapply" "pmax" 2#496 "mcmc_tpn" 
"array" "aperm" "sweep" 2#577 "mcmc_tpn" 
"Rfast::mahala" "dmvnorm" 2#671 "mcmc_tpn" 
"determinant.matrix" "determinant" "det" "dmvnorm" 2#670 "mcmc_tpn" 
"Rfast::mahala" "dmvnorm" 2#670 "mcmc_tpn" 
"Rfast::mahala" "dmvnorm" 2#671 "mcmc_tpn" 
2#670 "Rfast::mahala" "dmvnorm" 2#670 "mcmc_tpn" 
"determinant.matrix" "determinant" "det" "dmvnorm" 2#670 "mcmc_tpn" 
"Rfast::mahala" "dmvnorm" 2#671 "mcmc_tpn" 
2#670 "Rfast::mahala" "dmvnorm" 2#670 "mcmc_tpn" 
"Rfast::mahala" "dmvnorm" 2#670 "mcmc_tpn" 
2#670 "Rfast::mahala" "dmvnorm" 2#670 "mcmc_tpn" 
"Rfast::mahala" "dmvnorm" 2#671 "mcmc_tpn" 
"Rfast::mahala" "dmvnorm" 2#671 "mcmc_tpn" 
2#670 "Rfast::mahala" "dmvnorm" 2#670 "mcmc_tpn" 
"determinant.matrix" "determinant" "det" "dmvnorm" 2#671 "mcmc_tpn" 
"Rfast::mahala" "dmvnorm" 2#671 "mcmc_tpn" 
2#671 "Rfast::mahala" "dmvnorm" 2#671 "mcmc_tpn" 
"Rfast::mahala" "dmvnorm" 2#671 "mcmc_tpn" 
2#671 "Rfast::mahala" "dmvnorm" 2#671 "mcmc_tpn" 
"Rfast::mahala" "dmvnorm" 2#670 "mcmc_tpn" 
"Rfast::mahala" "dmvnorm" 2#670 "mcmc_tpn" 
2#259 "mcmc_tpn" 
2#260 "mcmc_tpn" 
"%*%" 2#346 "mcmc_tpn" 
2#480 "as.vector" 2#480 "mcmc_tpn" 
2#480 "as.vector" 2#480 "mcmc_tpn" 
"chol2inv" 2#559 "mcmc_tpn" 
2#671 "Rfast::mahala" "dmvnorm" 2#671 "mcmc_tpn" 
2#671 "Rfast::mahala" "dmvnorm" 2#671 "mcmc_tpn" 
2#671 "Rfast::mahala" "dmvnorm" 2#671 "mcmc_tpn" 
2#670 "Rfast::mahala" "dmvnorm" 2#670 "mcmc_tpn" 
"Rfast::mahala" "dmvnorm" 2#671 "mcmc_tpn" 
"Rfast::mahala" "dmvnorm" 2#670 "mcmc_tpn" 
"Rfast::mahala" "dmvnorm" 2#670 "mcmc_tpn" 
2#671 "Rfast::mahala" "dmvnorm" 2#671 "mcmc_tpn" 
"Rfast::mahala" "dmvnorm" 2#671 "mcmc_tpn" 
"Rfast::mahala" "dmvnorm" 2#670 "mcmc_tpn" 
2#670 "Rfast::mahala" "dmvnorm" 2#670 "mcmc_tpn" 
2#671 "Rfast::mahala" "dmvnorm" 2#671 "mcmc_tpn" 
"Rfast::mahala" "dmvnorm" 2#671 "mcmc_tpn" 
"Rfast::mahala" "dmvnorm" 2#670 "mcmc_tpn" 
2#670 "Rfast::mahala" "dmvnorm" 2#670 "mcmc_tpn" 
"Rfast::mahala" "dmvnorm" 2#670 "mcmc_tpn" 
2#675 "mcmc_tpn" 
"Rfast::mahala" "dmvnorm" 2#671 "mcmc_tpn" 
2#670 "Rfast::mahala" "dmvnorm" 2#670 "mcmc_tpn" 
"Rfast::mahala" "dmvnorm" 2#670 "mcmc_tpn" 
"Rfast::mahala" "dmvnorm" 2#670 "mcmc_tpn" 
"str.default" "utils::str" "...elt" "withVisible" "utils::capture.output" "paste0" 1#226 "capture_str" "eval" "eval" "doTryCatch" "tryCatchOne" "tryCatchList" "tryCatch" 1#222 "try_catch_timeout" 1#320 "FUN" "lapply" 1#278 "inspect_env" 1#368 "doTryCatch" "tryCatchOne" "tryCatchList" "tryCatch" 1#367 "cb" 
"setTimeLimit" 1#320 "try_catch_timeout" 1#320 "FUN" "lapply" 1#278 "inspect_env" 1#368 "doTryCatch" "tryCatchOne" "tryCatchList" "tryCatch" 1#367 "cb" 
"as.list.default" "as.list" "strSub" "str.default" "str" "<Anonymous>" "do.call" "strSub" "str.default" "utils::str" "...elt" "withVisible" "utils::capture.output" "paste0" 1#226 "capture_str" "eval" "eval" "doTryCatch" "tryCatchOne" "tryCatchList" "tryCatch" 1#222 "try_catch_timeout" 1#320 "FUN" "lapply" 1#278 "inspect_env" 1#368 "doTryCatch" "tryCatchOne" "tryCatchList" "tryCatch" 1#367 "cb" 
"eval" "FUN" "lapply" "strSub" "str.default" "utils::str" "...elt" "withVisible" "utils::capture.output" "paste0" 1#226 "capture_str" "eval" "eval" "doTryCatch" "tryCatchOne" "tryCatchList" "tryCatch" 1#222 "try_catch_timeout" 1#320 "FUN" "lapply" 1#278 "inspect_env" 1#368 "doTryCatch" "tryCatchOne" "tryCatchList" "tryCatch" 1#367 "cb" 
"eval" "FUN" "lapply" "strSub" "str.default" "utils::str" "...elt" "withVisible" "utils::capture.output" "paste0" 1#226 "capture_str" "eval" "eval" "doTryCatch" "tryCatchOne" "tryCatchList" "tryCatch" 1#222 "try_catch_timeout" 1#320 "FUN" "lapply" 1#278 "inspect_env" 1#368 "doTryCatch" "tryCatchOne" "tryCatchList" "tryCatch" 1#367 "cb" 
"maybe_truncate" "formObj" "cat" "str.default" "str" "<Anonymous>" "do.call" "strSub" "str.default" "str" "<Anonymous>" "do.call" "strSub" "str.default" "utils::str" "...elt" "withVisible" "utils::capture.output" "paste0" 1#226 "capture_str" "eval" "eval" "doTryCatch" "tryCatchOne" "tryCatchList" "tryCatch" 1#222 "try_catch_timeout" 1#320 "FUN" "lapply" 1#278 "inspect_env" 1#368 "doTryCatch" "tryCatchOne" "tryCatchList" "tryCatch" 1#367 "cb" 
"isTRUE" "getClassDef" "is" "num_to_char" ".local" "asJSON" "asJSON" ".local" "FUN" "FUN" "vapply" ".local" "FUN" "FUN" "vapply" ".local" "FUN" "FUN" "vapply" ".local" "asJSON" "asJSON" "jsonlite::toJSON" "jsonlite::write_json" 1#373 "doTryCatch" "tryCatchOne" "tryCatchList" "tryCatch" 1#367 "cb" 
